Je suis là maintenant. (présent),Я сейчас здесь.,Я был здесь сейчас.,Я буду здесь сейчас.,Я здесь в данный момент постоянно.
J’étais là hier. (imparfait),Я был там вчера.,Я есть там вчера.,Я буду там вчера.,Я находился там вчера весь день.
Pendant que j’étais là je travaillais. (imparfait),Пока я был там я работал.,Пока я есть там я работал.,Пока я буду там я работал.,Во время того как я был там я делал работу.
Je vais être là demain. (futur proche),Я буду там завтра.,Я есть там завтра.,Я был там завтра.,Я собираюсь быть там завтра.
Je serai là demain. (futur simple),Я буду там завтра.,Я есть там завтра.,Я был там завтра.,Завтра я там буду точно.
Tu entends la musique ? (présent),Ты слышишь музыку?,Ты слышал музыку сейчас?,Ты будешь слышать музыку?,Ты слышишь ли музыку прямо сейчас?
Il a entendu le bruit. (passé composé),Он услышал шум.,Он слышит шум.,Он будет слышать шум.,Он слышал шум вчера.
Elle entendait la radio pendant qu’elle cuisinait. (imparfait),Она слушала радио пока готовила.,Она слышит радио пока готовила.,Она услышала радио пока готовила.,Пока она готовила она слушала радио.
Nous allons entendre les nouvelles. (futur proche),Мы услышим новости скоро.,Мы слышим новости скоро.,Мы услышали новости скоро.,Мы собираемся услышать новости.
Ils entendront tout demain. (futur simple),Они услышат всё завтра.,Они слышат всё завтра.,Они услышали всё завтра.,Завтра они всё услышат.
Je termine le travail maintenant. (présent),Я заканчиваю работу сейчас.,Я закончил работу сейчас.,Я закончу работу сейчас.,Я сейчас завершаю работу.
J’ai terminé le rapport hier. (passé composé),Я закончил отчёт вчера.,Я заканчиваю отчёт вчера.,Я буду заканчивать отчёт вчера.,Вчера я завершил отчёт.
Pendant que je terminais le livre il pleuvait. (imparfait),Пока я заканчивал книгу шёл дождь.,Пока я закончил книгу шёл дождь.,Пока я закончу книгу шёл дождь.,Во время чтения книги шёл дождь.
Tu vas terminer bientôt. (futur proche),Ты скоро закончишь.,Ты заканчиваешь скоро.,Ты закончил скоро.,Ты собираешься закончить скоро.
Nous terminerons le projet la semaine prochaine. (futur simple),Мы закончим проект на следующей неделе.,Мы заканчиваем проект на следующей неделе.,Мы закончили проект на следующей неделе.,На следующей неделе мы завершим проект.
Je donne le livre à lui. (présent),Я даю книгу ему.,Я дал книгу ему сейчас.,Я дам книгу ему сейчас.,Я отдаю книгу ему.
Je lui ai donné le cadeau. (passé composé),Я дал ему подарок.,Я даю ему подарок.,Я дам ему подарок.,Я подарил ему подарок вчера.
Pendant que je donnais la leçon ils écoutaient. (imparfait),Пока я давал урок они слушали.,Пока я дал урок они слушали.,Пока я дам урок они слушали.,Во время урока они слушали.
Elle va lui donner l’argent demain. (futur proche),Она даст ему деньги завтра.,Она даёт ему деньги завтра.,Она дала ему деньги завтра.,Она собирается дать ему деньги завтра.
Ils donneront la réponse à nous. (futur simple),Они дадут ответ нам.,Они дают ответ нам.,Они дали ответ нам.,Они дадут нам ответ.
Je lis le journal chaque matin. (présent),Я читаю газету каждое утро.,Я прочитал газету каждое утро.,Я прочитаю газету каждое утро.,Я читаю газету обычно по утрам.
J’ai lu le livre hier soir. (passé composé),Я прочитал книгу вчера вечером.,Я читаю книгу вчера вечером.,Я буду читать книгу вчера вечером.,Вчера вечером я закончил книгу.
Pendant que je lisais elle dormait. (imparfait),Пока я читал она спала.,Пока я прочитал она спала.,Пока я прочитаю она спала.,Во время чтения она спала.
Nous allons lire les instructions. (futur proche),Мы прочитаем инструкции скоро.,Мы читаем инструкции скоро.,Мы прочитали инструкции скоро.,Мы собираемся прочитать инструкции.
Vous lirez le mail demain. (futur simple),Вы прочитаете письмо завтра.,Вы читаете письмо завтра.,Вы прочитали письмо завтра.,Завтра вы прочитаете письмо.
Je travaille à la maison aujourd’hui. (présent),Я работаю дома сегодня.,Я работал дома сегодня.,Я буду работать дома сегодня.,Я сейчас работаю дома.
J’ai travaillé toute la journée. (passé composé),Я работал весь день.,Я работаю весь день.,Я буду работать весь день.,Весь день я работал.
Pendant que je travaillais il téléphonait. (imparfait),Пока я работал он звонил.,Пока я работал он позвонил.,Пока я буду работать он звонил.,Во время работы он звонил.
Tu vas travailler demain matin. (futur proche),Ты будешь работать завтра утром.,Ты работаешь завтра утром.,Ты работал завтра утром.,Ты собираешься работать завтра утром.
Ils travailleront à Paris l’année prochaine. (futur simple),Они будут работать в Париже в следующем году.,Они работают в Париже в следующем году.,Они работали в Париже в следующем году.,В следующем году они будут работать в Париже.
Il faut partir maintenant. (présent),Надо уходить сейчас.,Надо уйти сейчас.,Надо уйдёт сейчас.,Сейчас необходимо уходить.
Il a fallu annuler hier. (passé composé),Вчера пришлось отменить.,Вчера надо отменить.,Вчера надо отменить.,Вчера было необходимо отменить.
Pendant qu’il fallait attendre nous parlions. (imparfait),Пока надо было ждать мы разговаривали.,Пока надо ждать мы разговаривали.,Пока надо будет ждать мы разговаривали.,Во время ожидания мы говорили.
Il va falloir payer demain. (futur proche),Завтра придётся заплатить.,Завтра надо заплатить.,Завтра надо заплатил.,Скоро будет необходимо заплатить.
Il faudra réserver à l’avance. (futur simple),Придётся забронировать заранее.,Надо забронировать заранее.,Надо забронировал заранее.,Заранее будет нужно забронировать.
Je raconte l’histoire à eux. (présent),Я рассказываю историю им.,Я рассказал историю им сейчас.,Я расскажу историю им сейчас.,Я рассказываю им историю.
Je leur ai raconté tout. (passé composé),Я рассказал им всё.,Я рассказываю им всё.,Я расскажу им всё.,Я им всё рассказал.
Pendant que je racontais elle riait. (imparfait),Пока я рассказывал она смеялась.,Пока я рассказал она смеялась.,Пока я расскажу она смеялась.,Во время рассказа она смеялась.
Nous allons raconter nos vacances. (futur proche),Мы расскажем о наших каникулах скоро.,Мы рассказываем о наших каникулах скоро.,Мы рассказали о наших каникулах скоро.,Мы собираемся рассказать о каникулах.
Vous raconterez le film demain. (futur simple),Вы расскажете фильм завтра.,Вы рассказываете фильм завтра.,Вы рассказали фильм завтра.,Завтра вы расскажете о фильме.
Je t’appelle ce soir. (présent),Я тебе звоню сегодня вечером.,Я тебе звонил сегодня вечером.,Я тебе позвоню сегодня вечером.,Я звоню тебе вечером.
Je t’ai appelé hier. (passé composé),Я тебе звонил вчера.,Я тебе звоню вчера.,Я тебе позвоню вчера.,Вчера я тебе звонил.
Pendant que je t’appelais tu dormais. (imparfait),Пока я тебе звонил ты спал.,Пока я тебе звонил ты спишь.,Пока я тебе позвоню ты спал.,Во время звонка ты спал.
Elle va m’appeler demain. (futur proche),Она мне позвонит завтра.,Она мне звонит завтра.,Она мне звонила завтра.,Она собирается мне позвонить завтра.
Ils appelleront le médecin. (futur simple),Они позвонят врачу.,Они звонят врачу.,Они звонили врачу.,Они позвонят доктору.
Je lui montre la photo. (présent),Я показываю ему фото.,Я показал ему фото сейчас.,Я покажу ему фото сейчас.,Я ему показываю фотографию.
Je lui ai montré le chemin. (passé composé),Я показал ему дорогу.,Я показываю ему дорогу.,Я покажу ему дорогу.,Я ему показал путь.
Pendant que je montrais ils regardaient. (imparfait),Пока я показывал они смотрели.,Пока я показал они смотрели.,Пока я покажу они смотрели.,Во время показа они смотрели.
Nous allons lui montrer la ville. (futur proche),Мы покажем ему город скоро.,Мы показываем ему город скоро.,Мы показали ему город скоро.,Мы собираемся показать ему город.
Vous montrerez le document à nous. (futur simple),Вы покажете нам документ.,Вы показываете нам документ.,Вы показали нам документ.,Вы покажете документ нам.
Je rencontre mes amis au café. (présent),Я встречаюсь с друзьями в кафе.,Я встретился с друзьями в кафе сейчас.,Я встречусь с друзьями в кафе сейчас.,Я встречаю друзей в кафе.
Je les ai rencontrés hier. (passé composé),Я встретил их вчера.,Я встречаю их вчера.,Я встречу их вчера.,Вчера я их встретил.
Pendant que je rencontrais elle souriait. (imparfait),Пока я встречал она улыбалась.,Пока я встретил она улыбалась.,Пока я встречу она улыбалась.,Во время встречи она улыбалась.
Tu vas rencontrer le chef demain. (futur proche),Ты встретишься с шефом завтра.,Ты встречаешься с шефом завтра.,Ты встретился с шефом завтра.,Ты собираешься встретить начальника завтра.
Ils rencontreront de nouvelles personnes. (futur simple),Они встретят новых людей.,Они встречают новых людей.,Они встретили новых людей.,Они встретят новых людей.
Je connais bien Paris. (présent),Я хорошо знаю Париж.,Я хорошо знал Париж.,Я хорошо узнаю Париж.,Я знаю Париж хорошо.
J’ai connu cette personne l’année dernière. (passé composé),Я познакомился с этим человеком в прошлом году.,Я знаю этого человека в прошлом году.,Я познакомлюсь с этим человеком в прошлом году.,В прошлом году я с ним познакомился.
Pendant que je connaissais la ville je me perdais souvent. (imparfait),Пока я знал город я часто терялся.,Пока я знал город я часто теряюсь.,Пока я узнаю город я часто терялся.,Во время знакомства с городом я часто терялся.
Nous allons connaître la vérité bientôt. (futur proche),Мы скоро узнаем правду.,Мы знаем правду скоро.,Мы узнали правду скоро.,Мы собираемся узнать правду скоро.
Vous connaîtrez le résultat demain. (futur simple),Вы узнаете результат завтра.,Вы знаете результат завтра.,Вы узнали результат завтра.,Завтра вы узнаете результат.
Je crois que c’est vrai. (présent),Я думаю что это правда.,Я думал что это правда сейчас.,Я подумаю что это правда сейчас.,Я верю что это верно.
J’ai cru son histoire. (passé composé),Я поверил его истории.,Я верю его истории.,Я поверю его истории.,Я поверил в его рассказ.
Pendant que je croyais tout allait bien. (imparfait),Пока я думал всё шло хорошо.,Пока я думал всё идёт хорошо.,Пока я подумаю всё шло хорошо.,Во время веры всё было хорошо.
Tu vas croire ça ? (futur proche),Ты поверишь в это?,Ты веришь в это?,Ты поверил в это?,Ты собираешься поверить?
Ils croiront tout ce qu’il dit. (futur simple),Они поверят всему что он говорит.,Они верят всему что он говорит.,Они поверили всему что он говорит.,Они поверят всему что он скажет.
Je réfléchis à ta proposition. (présent),Я размышляю над твоим предложением.,Я размышлял над твоим предложением сейчас.,Я размышлю над твоим предложением сейчас.,Я думаю над твоим предложением.
J’ai réfléchi toute la nuit. (passé composé),Я размышлял всю ночь.,Я размышляю всю ночь.,Я размышлю всю ночь.,Всю ночь я думал.
Pendant que je réfléchissais il attendait. (imparfait),Пока я размышлял он ждал.,Пока я размышлял он ждёт.,Пока я размышлю он ждал.,Во время размышлений он ждал.
Nous allons réfléchir ensemble. (futur proche),Мы подумаем вместе скоро.,Мы думаем вместе скоро.,Мы подумали вместе скоро.,Мы собираемся подумать вместе.
Vous réfléchirez à la question. (futur simple),Вы подумаете над вопросом.,Вы думаете над вопросом.,Вы подумали над вопросом.,Вы поразмышляете над вопросом.
Je songe à partir en vacances. (présent),Я думаю об отпуске.,Я думал об отпуске сейчас.,Я подумаю об отпуске сейчас.,Я мечтаю об отпуске.
J’ai songé à changer de travail. (passé composé),Я подумал о смене работы.,Я думаю о смене работы.,Я подумаю о смене работы.,Я размышлял о смене работы.
Pendant que je songeais au futur tout changeait. (imparfait),Пока я думал о будущем всё менялось.,Пока я думал о будущем всё меняется.,Пока я подумаю о будущем всё менялось.,Во время размышлений о будущем всё менялось.
Il va songer à ton idée. (futur proche),Он подумает над твоей идеей скоро.,Он думает над твоей идеей скоро.,Он подумал над твоей идеей скоро.,Он собирается подумать над твоей идеей.
Ils songeront à nous aider. (futur simple),Они подумают о том чтобы нам помочь.,Они думают о том чтобы нам помочь.,Они подумали о том чтобы нам помочь.,Они поразмышляют о помощи нам.
Je prends le train à 8h. (présent),Я сажусь на поезд в 8.,Я сел на поезд в 8 сейчас.,Я сяду на поезд в 8 сейчас.,Я беру поезд в 8 часов.
J’ai pris le café ce matin. (passé composé),Я выпил кофе сегодня утром.,Я пью кофе сегодня утром.,Я выпью кофе сегодня утром.,Сегодня утром я взял кофе.
Pendant que je prenais le repas elle parlait. (imparfait),Пока я ел она говорила.,Пока я ел она говорит.,Пока я поем она говорила.,Во время еды она говорила.
Nous allons prendre une décision demain. (futur proche),Мы примем решение завтра.,Мы принимаем решение завтра.,Мы приняли решение завтра.,Мы собираемся принять решение завтра.
Tu prendras le bus. (futur simple),Ты сядешь на автобус.,Ты садишься на автобус.,Ты сел на автобус.,Ты возьмёшь автобус.
J’apprends le français depuis un an. (présent),Я учу французский уже год.,Я учил французский уже год.,Я выучу французский уже год.,Я учу французский в течение года.
J’ai appris beaucoup hier. (passé composé),Я узнал много вчера.,Я узнаю много вчера.,Я узнаю много вчера.,Вчера я многому научился.
Pendant que j’apprenais je faisais des erreurs. (imparfait),Пока я учил я делал ошибки.,Пока я учил я делаю ошибки.,Пока я выучу я делал ошибки.,Во время учёбы я ошибался.
Elle va apprendre à conduire. (futur proche),Она научится водить скоро.,Она учится водить скоро.,Она научилась водить скоро.,Она собирается научиться водить.
Ils apprendront l’anglais l’année prochaine. (futur simple),Они выучат английский в следующем году.,Они учат английский в следующем году.,Они выучили английский в следующем году.,В следующем году они выучат английский.
Je dois partir maintenant. (présent),Я должен уйти сейчас.,Я должен ушёл сейчас.,Я должен уйду сейчас.,Я обязан уходить сейчас.
J’ai dû annuler le rendez-vous. (passé composé),Мне пришлось отменить встречу.,Мне надо отменить встречу.,Мне надо отменить встречу.,Мне пришлось отменить rendez-vous.
Pendant que je devais travailler je rêvais. (imparfait),Пока мне надо было работать я мечтал.,Пока мне надо работать я мечтал.,Пока мне надо будет работать я мечтал.,Во время необходимости работать я мечтал.
Tu vas devoir payer. (futur proche),Тебе придётся заплатить.,Тебе надо заплатить.,Тебе надо заплатил.,Тебе скоро придётся заплатить.
Nous devrons changer nos plans. (futur simple),Нам придётся изменить планы.,Нам надо изменить планы.,Нам надо изменили планы.,Нам будет нужно изменить наши планы.
Je deviens fatigué. (présent),Я становлюсь усталым.,Я стал усталым сейчас.,Я стану усталым сейчас.,
Я устаю.Je suis devenu professeur. (passé composé),Я стал учителем.,Я становлюсь учителем.,Я стану учителем.,Я превратился в преподавателя.
Pendant que je devenais adulte tout changeait. (imparfait),Пока я взрослел всё менялось.,Пока я взрослел всё меняется.,Пока я повзрослею всё менялось.,Во время взросления всё менялось.
Il va devenir célèbre. (futur proche),Он станет знаменитым скоро.,Он становится знаменитым скоро.,Он стал знаменитым скоро.,Он собирается стать известным.
Elle deviendra médecin. (futur simple),Она станет врачом.,Она становится врачом.,Она стала врачом.,Она будет врачом.
Je loue un appartement à Paris. (présent),Я снимаю квартиру в Париже.,Я снял квартиру в Париже сейчас.,Я сниму квартиру в Париже сейчас.,Я арендую жильё в Париже.
J’ai loué une voiture hier. (passé composé),Я арендовал машину вчера.,Я арендую машину вчера.,Я арендую машину вчера.,Вчера я взял машину в аренду.
Pendant que je louais le studio je visitais la ville. (imparfait),Пока я снимал студию я осматривал город.,Пока я снимал студию я осматриваю город.,Пока я сниму студию я осматривал город.,Во время аренды студии я гулял по городу.
Nous allons louer une maison. (futur proche),Мы снимем дом скоро.,Мы снимаем дом скоро.,Мы сняли дом скоро.,Мы собираемся арендовать дом.
Vous louerez une chambre. (futur simple),Вы снимете комнату.,Вы снимаете комнату.,Вы сняли комнату.,Вы арендуете комнату.
Je lave la voiture tous les dimanches. (présent),Я мою машину каждое воскресенье.,Я помыл машину каждое воскресенье.,Я помою машину каждое воскресенье.,Я мою авто по воскресеньям.
J’ai lavé les vêtements hier. (passé composé),Я постирал одежду вчера.,Я стираю одежду вчера.,Я постираю одежду вчера.,Вчера я выстирал вещи.
Pendant que je lavais la vaisselle elle parlait. (imparfait),Пока я мыл посуду она говорила.,Пока я мыл посуду она говорит.,Пока я помою посуду она говорила.,Во время мытья посуды она разговаривала.
Tu vas laver le sol. (futur proche),Ты помоешь пол скоро.,Ты моешь пол скоро.,Ты помыл пол скоро.,Ты собираешься помыть пол.
Ils laveront la maison. (futur simple),Они помоют дом.,Они моют дом.,Они помыли дом.,Они вымоют дом.Je me lave tous les matins. (présent),Я моюсь каждое утро.,Я помылся каждое утро.,Я помоюсь каждое утро.,Я принимаю душ по утрам.
Je me suis lavé les mains. (passé composé),Я помыл руки.,Я мою руки.,Я помою руки.,Я вымыл себе руки.
Pendant que je me lavais il attendait. (imparfait),Пока я мылся он ждал.,Пока я мылся он ждёт.,Пока я помоюсь он ждал.,Во время душа он ждал.
Nous allons nous laver avant le dîner. (futur proche),Мы помоемся перед ужином скоро.,Мы моемся перед ужином скоро.,Мы помылись перед ужином скоро.,Мы собираемся помыться перед едой.
Vous vous laverez plus tard. (futur simple),Вы помоетесь позже.,Вы моетесь позже.,Вы помылись позже.,Вы примете душ позже.
J’oublie souvent les clés. (présent),Я часто забываю ключи.,Я забыл ключи часто.,Я забуду ключи часто.,Я забываю ключи обычно.
J’ai oublié mon téléphone. (passé composé),Я забыл телефон.,Я забываю телефон.,Я забуду телефон.,Я забыл свой телефон.
Pendant que j’oubliais tout allait mal. (imparfait),Пока я забывал всё шло плохо.,Пока я забывал всё идёт плохо.,Пока я забуду всё шло плохо.,Во время забывания всё было плохо.
Tu vas oublier ça. (futur proche),Ты забудешь это скоро.,Ты забываешь это скоро.,Ты забыл это скоро.,Ты собираешься забыть это.
Ils oublieront le rendez-vous. (futur simple),Они забудут о встрече.,Они забывают о встрече.,Они забыли о встрече.,Они забудут rendez-vous.
Je demande de l’aide à toi. (présent),Я прошу помощи у тебя.,Я попросил помощи у тебя сейчас.,Я попрошу помощи у тебя сейчас.,Я спрашиваю у тебя помощь.
Je t’ai demandé ton avis. (passé composé),Я спросил твоего мнения.,Я спрашиваю твоего мнения.,Я спрошу твоего мнения.,Я попросил у тебя совет.
Pendant que je demandais elle répondait. (imparfait),Пока я спрашивал она отвечала.,Пока я спрашивал она отвечает.,Пока я спрошу она отвечала.,Во время вопроса она отвечала.
Nous allons demander le prix. (futur proche),Мы спросим цену скоро.,Мы спрашиваем цену скоро.,Мы спросили цену скоро.,Мы собираемся спросить цену.
Vous demanderez le chemin. (futur simple),Вы спросите дорогу.,Вы спрашиваете дорогу.,Вы спросили дорогу.,Вы спросите путь.
J’ai un nouveau livre. (présent),У меня новая книга.,У меня была новая книга сейчас.,У меня будет новая книга сейчас.,У меня есть новая книга.
J’ai eu une bonne idée hier. (passé composé),У меня была хорошая идея вчера.,У меня есть хорошая идея вчера.,У меня будет хорошая идея вчера.,Вчера у меня появилась хорошая идея.
Pendant que j’avais le temps je lisais. (imparfait),Пока у меня было время я читал.,Пока у меня есть время я читал.,Пока у меня будет время я читал.,Во время наличия времени я читал.
Tu vas avoir un cadeau. (futur proche),Ты получишь подарок скоро.,Ты имеешь подарок скоро.,Ты имел подарок скоро.,Ты скоро получишь подарок.
Ils auront la réponse demain. (futur simple),Они получат ответ завтра.,Они имеют ответ завтра.,Они имели ответ завтра.,Завтра у них будет ответ.
Je mets la table. (présent),Я накрываю на стол.,Я накрыл на стол сейчас.,Я накрою на стол сейчас.,Я ставлю стол.
J’ai mis les clés sur la table. (passé composé),Я положил ключи на стол.,Я кладу ключи на стол.,Я положу ключи на стол.,Я поставил ключи на стол.
Pendant que je mettais mon manteau il pleuvait. (imparfait),Пока я надевал пальто шёл дождь.,Пока я надевал пальто идёт дождь.,Пока я надену пальто шёл дождь.,Во время одевания шёл дождь.
Nous allons mettre de la musique. (futur proche),Мы включим музыку скоро.,Мы включаем музыку скоро.,Мы включили музыку скоро.,Мы собираемся поставить музыку.
Vous mettrez le document ici. (futur simple),Вы положите документ сюда.,Вы кладёте документ сюда.,Вы положили документ сюда.,Вы поставите документ здесь.
Je tiens la porte pour toi. (présent),Я держу дверь для тебя.,Я держал дверь для тебя сейчас.,Я подержу дверь для тебя сейчас.,Я придерживаю дверь тебе.
J’ai tenu ma promesse. (passé composé),Я сдержал обещание.,Я сдерживаю обещание.,Я сдержу обещание.,Я держал своё обещание.
Pendant que je tenais le bébé elle souriait. (imparfait),Пока я держал ребёнка она улыбалась.,Пока я держал ребёнка она улыбается.,Пока я подержу ребёнка она улыбалась.,Во время того как я держал малыша она улыбалась.
Il va tenir le rôle principal. (futur proche),Он сыграет главную роль скоро.,Он играет главную роль скоро.,Он сыграл главную роль скоро.,Он собирается удержать главную роль.
Ils tiendront la réunion demain. (futur simple),Они проведут совещание завтра.,Они проводят совещание завтра.,Они провели совещание завтра.,Они проведут встречу завтра.
Il paraît fatigué. (présent),Он выглядит усталым.,Он выглядел усталым сейчас.,Он будет выглядеть усталым сейчас.,Он кажется уставшим.
Il a paru surpris hier. (passé composé),Он выглядел удивлённым вчера.,Он выглядит удивлённым вчера.,Он будет выглядеть удивлённым вчера.,Вчера он показался удивлённым.
Pendant qu’il paraissait calme il était nerveux. (imparfait),Пока он выглядел спокойным он был нервным.,Пока он выглядит спокойным он был нервным.,Пока он будет выглядеть спокойным он был нервным.,Во время того как он казался спокойным он нервничал.
Ça va paraître bizarre. (futur proche),Это покажется странным скоро.,Это кажется странным скоро.,Это показалось странным скоро.,Это скоро будет выглядеть странно.
Ils paraîtront contents. (futur simple),Они будут выглядеть довольными.,Они выглядят довольными.,Они выглядели довольными.,Они покажутся довольными.
Je sens une bonne odeur. (présent),Я чувствую приятный запах.,Я почувствовал приятный запах сейчас.,Я почувствую приятный запах сейчас.,Я ощущаю хороший запах.
J’ai senti quelque chose de bizarre. (passé composé),Я почувствовал что-то странное.,Я чувствую что-то странное.,Я почувствую что-то странное.,Я ощутил странное.
Pendant que je sentais le parfum elle parlait. (imparfait),Пока я чувствовал запах она говорила.,Пока я чувствовал запах она говорит.,Пока я почувствую запах она говорила.,Во время ощущения запаха она разговаривала.
Tu vas sentir la différence. (futur proche),Ты почувствуешь разницу скоро.,Ты чувствуешь разницу скоро.,Ты почувствовал разницу скоро.,Ты скоро ощутишь разницу.
Nous sentirons le froid demain. (futur simple),Мы почувствуем холод завтра.,Мы чувствуем холод завтра.,Мы почувствовали холод завтра.,Завтра мы ощутим холод.
J’attends le bus. (présent),Я жду автобус.,Я ждал автобус сейчас.,Я подожду автобус сейчас.,Я ожидаю автобус.J’ai attendu une heure. (passé composé),Я ждал час.,Я жду час.,Я подожду час.,Я прождал целый час.
Pendant que j’attendais je lisais. (imparfait),Пока я ждал я читал.,Пока я ждал я читаю.,Пока я подожду я читал.,Во время ожидания я читал.
Nous allons attendre ici. (futur proche),Мы подождём здесь скоро.,Мы ждём здесь скоро.,Мы подождали здесь скоро.,Мы собираемся подождать здесь.
Vous attendrez le résultat. (futur simple),Вы подождёте результат.,Вы ждёте результат.,Вы подождали результат.,Вы будете ждать результат.
Je retiens l’information facilement. (présent),Я легко запоминаю информацию.,Я легко запомнил информацию сейчас.,Я легко запомню информацию сейчас.,Я удерживаю информацию легко.
J’ai retenu son nom. (passé composé),Я запомнил его имя.,Я запоминаю его имя.,Я запомню его имя.,Я удержал его имя.
Pendant que je retenais les chiffres je calculais. (imparfait),Пока я запоминал цифры я считал.,Пока я запоминал цифры я считаю.,Пока я запомню цифры я считал.,Во время запоминания цифр я считал.
Tu vas retenir la leçon. (futur proche),Ты запомнишь урок скоро.,Ты запоминаешь урок скоро.,Ты запомнил урок скоро.,Ты скоро запомнишь урок.
Ils retiendront tout. (futur simple),Они запомнят всё.,Они запоминают всё.,Они запомнили всё.,Они удержат всю информацию.
Je suis le cours. (présent),Я следую курсу.,Я следовал курсу сейчас.,Я последую курсу сейчас.,Я иду по курсу.
J’ai suivi les instructions. (passé composé),Я следовал инструкциям.,Я следую инструкциям.,Я последую инструкциям.,Я выполнил инструкции.
Pendant que je suivais la route je chantais. (imparfait),Пока я ехал по дороге я пел.,Пока я ехал по дороге я пою.,Пока я поеду по дороге я пел.,Во время следования по дороге я пел.
Nous allons suivre le guide. (futur proche),Мы последуем за гидом скоро.,Мы следуем за гидом скоро.,Мы последовали за гидом скоро.,Мы собираемся идти за гидом.
Vous suivrez le programme. (futur simple),Вы будете следовать программе.,Вы следуете программе.,Вы следовали программе.,Вы последуете программе.
Je sers le dîner. (présent),Я подаю ужин.,Я подал ужин сейчас.,Я подам ужин сейчас.,Я сервирую ужин.
J’ai servi le client. (passé composé),Я обслужил клиента.,Я обслуживаю клиента.,Я обслужу клиента.,Я подал клиенту.
Pendant que je servais ils parlaient. (imparfait),Пока я обслуживал они разговаривали.,Пока я обслуживал они разговаривают.,Пока я обслужу они разговаривали.,Во время обслуживания они говорили.
Tu vas servir le vin. (futur proche),Ты подашь вино скоро.,Ты подаёшь вино скоро.,Ты подал вино скоро.,Ты собираешься подать вино.
Ils serviront le repas. (futur simple),Они подадут еду.,Они подают еду.,Они подали еду.,Они будут сервировать блюда.
Je reçois un email. (présent),Я получаю письмо.,Я получил письмо сейчас.,Я получу письмо сейчас.,Я получаю email.
J’ai reçu la lettre hier. (passé composé),Я получил письмо вчера.,Я получаю письмо вчера.,Я получу письмо вчера.,Вчера я получил письмо.
Pendant que je recevais les invités elle préparait. (imparfait),Пока я принимал гостей она готовила.,Пока я принимал гостей она готовит.,Пока я приму гостей она готовила.,Во время приёма гостей она готовила.
Nous allons recevoir des amis. (futur proche),Мы примем друзей скоро.,Мы принимаем друзей скоро.,Мы приняли друзей скоро.,Мы собираемся принять друзей.
Vous recevrez la confirmation. (futur simple),Вы получите подтверждение.,Вы получаете подтверждение.,Вы получили подтверждение.,Вы получите подтверждение.
Je perds souvent mes clés. (présent),Я часто теряю ключи.,Я потерял ключи часто.,Я потеряю ключи часто.,Я теряю свои ключи обычно.
J’ai perdu mon portefeuille. (passé composé),Я потерял кошелёк.,Я теряю кошелёк.,Я потеряю кошелёк.,Я потерял свой бумажник.
Pendant que je perdais le match je souriais. (imparfait),Пока я проигрывал матч я улыбался.,Пока я проигрывал матч я улыбаюсь.,Пока я проиграю матч я улыбался.,Во время проигрыша я улыбался.
Tu vas perdre du temps. (futur proche),Ты потеряешь время скоро.,Ты теряешь время скоро.,Ты потерял время скоро.,Ты скоро потеряешь время.
Ils perdront le match. (futur simple),Они проиграют матч.,Они проигрывают матч.,Они проиграли матч.,Они потеряют матч.
J’aperçois une lumière. (présent),Я замечаю свет.,Я заметил свет сейчас.,Я замечу свет сейчас.,Я вижу свет вдалеке.
J’ai aperçu quelqu’un. (passé composé),Я заметил кого-то.,Я замечаю кого-то.,Я замечу кого-то.,Я увидел кого-то.
Pendant que j’apercevais le paysage je rêvais. (imparfait),Пока я замечал пейзаж я мечтал.,Пока я замечал пейзаж я мечтаю.,Пока я замечу пейзаж я мечтал.,Во время наблюдения пейзажа я мечтал.
Nous allons apercevoir la mer. (futur proche),Мы увидим море скоро.,Мы видим море скоро.,Мы увидели море скоро.,Мы скоро заметим море.
Vous apercevrez le changement. (futur simple),Вы заметите изменение.,Вы замечаете изменение.,Вы заметили изменение.,Вы увидите перемену.
Je pars en voyage demain. (présent),Я уезжаю в путешествие завтра.,Я уехал в путешествие завтра.,Я уеду в путешествие завтра.,Я отправляюсь в поездку завтра.
Je suis parti tôt hier. (passé composé),Я уехал рано вчера.,Я уезжаю рано вчера.,Я уеду рано вчера.,Вчера я уехал рано.
Pendant que je partais elle pleurait. (imparfait),Пока я уезжал она плакала.,Пока я уезжал она плачет.,Пока я уеду она плакала.,Во время отъезда она плакала.
Tu vas partir bientôt. (futur proche),Ты уедешь скоро.,Ты уезжаешь скоро.,Ты уехал скоро.,Ты скоро уезжаешь.
Ils partiront en train. (futur simple),Они уедут на поезде.,Они уезжают на поезде.,Они уехали на поезде.,Они отправятся поездом.
Je pense à toi souvent. (présent),Я часто думаю о тебе.,Я думал о тебе часто.,Я подумаю о тебе часто.,Я думаю о тебе обычно.
J’ai pensé à ton idée. (passé composé),Я подумал над твоей идеей.,Я думаю над твоей идеей.,Я подумаю над твоей идеей.,Я поразмышлял о твоей идее.
Pendant que je pensais il dormait. (imparfait),Пока я думал он спал.,Пока я думал он спит.,Пока я подумаю он спал.,Во время размышлений он спал.
Nous allons penser à une solution. (futur proche),Мы подумаем над решением скоро.,Мы думаем над решением скоро.,Мы подумали над решением скоро.,Мы собираемся подумать над решением.
Vous penserez à nous. (futur simple),Вы подумаете о нас.,Вы думаете о нас.,Вы подумали о нас.,Вы поразмышляете о нас.
Je quitte la maison à 7h. (présent),Я выхожу из дома в 7.,Я вышел из дома в 7 сейчас.,Я выйду из дома в 7 сейчас.,Я покидаю дом в 7 часов.
J’ai quitté le bureau tard. (passé composé),Я ушёл из офиса поздно.,Я ухожу из офиса поздно.,Я уйду из офиса поздно.,Я покинул офис поздно.
Pendant que je quittais la ville je pleurais. (imparfait),Пока я уезжал из города я плакал.,Пока я уезжал из города я плачу.,Пока я уеду из города я плакал.,Во время отъезда из города я плакал.
Tu vas quitter ton travail. (futur proche),Ты уйдёшь с работы скоро.,Ты уходишь с работы скоро.,Ты ушёл с работы скоро.,Ты скоро покинешь работу.
Ils quitteront la fête tôt. (futur simple),Они уйдут с вечеринки рано.,Они уходят с вечеринки рано.,Они ушли с вечеринки рано.,Они покинут праздник рано.
Je vends ma voiture. (présent),Я продаю свою машину.,Я продал свою машину сейчас.,Я продам свою машину сейчас.,Я продаю авто.
J’ai vendu mon ancien téléphone. (passé composé),Я продал свой старый телефон.,Я продаю свой старый телефон.,Я продам свой старый телефон.,Я продал прежний телефон.
Pendant que je vendais la maison il négociait. (imparfait),Пока я продавал дом он торговался.,Пока я продавал дом он торгуется.,Пока я продам дом он торговался.,Во время продажи дома он торговался.
Nous allons vendre les billets. (futur proche),Мы продадим билеты скоро.,Мы продаём билеты скоро.,Мы продали билеты скоро.,Мы собираемся продать билеты.
Vous vendrez votre appartement. (futur simple),Вы продадите свою квартиру.,Вы продаёте свою квартиру.,Вы продали свою квартиру.,Вы продадите квартиру.
J’envoie un message à toi. (présent),Я отправляю тебе сообщение.,Я отправил тебе сообщение сейчас.,Я отправлю тебе сообщение сейчас.,Я посылаю тебе смс.
Je t’ai envoyé le fichier. (passé composé),Я отправил тебе файл.,Я отправляю тебе файл.,Я отправлю тебе файл.,Я послал тебе файл.
Pendant que j’envoyais le mail elle répondait. (imparfait),Пока я отправлял письмо она отвечала.,Пока я отправлял письмо она отвечает.,Пока я отправлю письмо она отвечала.,Во время отправки она отвечала.
Tu vas m’envoyer les photos. (futur proche),Ты пришлёшь мне фото скоро.,Ты присылаешь мне фото скоро.,Ты прислал мне фото скоро.,Ты скоро отправишь мне фотографии.
Ils enverront l’invitation. (futur simple),Они отправят приглашение.,Они отправляют приглашение.,Они отправили приглашение.,Они пошлют приглашение.
Je finis mon travail à 18h. (présent),Я заканчиваю работу в 18.,Я закончил работу в 18 сейчас.,Я закончу работу в 18 сейчас.,Я завершаю работу в 18 часов.
J’ai fini le livre hier. (passé composé),Я закончил книгу вчера.,Я заканчиваю книгу вчера.,Я закончу книгу вчера.,Вчера я дочитал книгу.
Pendant que je finissais le repas il téléphonait. (imparfait),Пока я заканчивал еду он звонил.,Пока я заканчивал еду он звонит.,Пока я закончу еду он звонил.,Во время завершения еды он звонил.
Nous allons finir bientôt. (futur proche),Мы скоро закончим.,Мы заканчиваем скоро.,Мы закончили скоро.,Мы собираемся закончить скоро.
Vous finirez le projet la semaine prochaine. (futur simple),Вы закончите проект на следующей неделе.,Вы заканчиваете проект на следующей неделе.,Вы закончили проект на следующей неделе.,На следующей неделе вы завершите проект.
Je passe par chez toi. (présent),Я прохожу мимо тебя.,Я прошёл мимо тебя сейчас.,Я пройду мимо тебя сейчас.,Я заезжаю к тебе.
J’ai passé une bonne journée. (passé composé),Я провёл хороший день.,Я провожу хороший день.,Я проведу хороший день.,Я хорошо провёл день.
Pendant que je passais le temps je lisais. (imparfait),Пока я проводил время я читал.,Пока я проводил время я читаю.,Пока я проведу время я читал.,Во время проведения времени я читал.
Tu vas passer nous voir. (futur proche),Ты заедешь к нам скоро.,Ты заезжаешь к нам скоро.,Ты заехал к нам скоро.,Ты скоро заедешь к нам.
Ils passeront les vacances en France. (futur simple),Они проведут каникулы во Франции.,Они проводят каникулы во Франции.,Они провели каникулы во Франции.,Они проведут отпуск во Франции.
Je vais au marché. (présent),Я иду на рынок.,Я шёл на рынок сейчас.,Я пойду на рынок сейчас.,Я направляюсь на рынок.
Je suis allé au cinéma hier. (passé composé),Я ходил в кино вчера.,Я хожу в кино вчера.,Я пойду в кино вчера.,Вчера я сходил в кино.
Pendant que j’allais à l’école je chantais. (imparfait),Пока я шёл в школу я пел.,Пока я шёл в школу я пою.,Пока я пойду в школу я пел.,Во время пути в школу я пел.
Nous allons aller en vacances. (futur proche),Мы поедем в отпуск скоро.,Мы едем в отпуск скоро.,Мы поехали в отпуск скоро.,Мы собираемся поехать в отпуск.
Vous irez à la plage. (futur simple),Вы поедете на пляж.,Вы едете на пляж.,Вы поехали на пляж.,Вы отправитесь на пляж.
Je viens de Russie. (présent),Я приезжаю из России.,Я приехал из России сейчас.,Я приеду из России сейчас.,Я родом из России.
Je suis venu te voir. (passé composé),Я пришёл тебя навестить.,Я прихожу тебя навестить.,Я приду тебя навестить.,Я пришёл к тебе.
Pendant que je venais il pleuvait. (imparfait),Пока я шёл шёл дождь.,Пока я шёл идёт дождь.,Пока я приду шёл дождь.,Во время прихода шёл дождь.
Tu vas venir demain ? (futur proche),Ты придёшь завтра?,Ты приходишь завтра?,Ты пришёл завтра?,Ты скоро придёшь?
Ils viendront à la fête. (futur simple),Они придут на вечеринку.,Они приходят на вечеринку.,Они пришли на вечеринку.,Они приедут на праздник.
J’entre dans la maison. (présent),Я вхожу в дом.,Я вошёл в дом сейчас.,Я войду в дом сейчас.,Я захожу в дом.
Je suis entré dans la salle. (passé composé),Я вошёл в зал.,Я вхожу в зал.,Я войду в зал.,Я зашёл в комнату.
Pendant que j’entrais elle souriait. (imparfait),Пока я входил она улыбалась.,Пока я входил она улыбается.,Пока я войду она улыбалась.,Во время входа она улыбалась.
Nous allons entrer bientôt. (futur proche),Мы войдём скоро.,Мы входим скоро.,Мы вошли скоро.,Мы собираемся войти скоро.
Vous entrerez par la porte. (futur simple),Вы войдёте через дверь.,Вы входите через дверь.,Вы вошли через дверь.,Вы зайдёте через дверь.
Je sors du bureau à 18h. (présent),Я выхожу из офиса в 18.,Я вышел из офиса в 18 сейчас.,Я выйду из офиса в 18 сейчас.,Я покидаю офис в 18 часов.
Je suis sorti hier soir. (passé composé),Я вышел вчера вечером.,Я выхожу вчера вечером.,Я выйду вчера вечером.,Вчера вечером я вышел.
Pendant que je sortais il pleuvait. (imparfait),Пока я выходил шёл дождь.,Пока я выходил идёт дождь.,Пока я выйду шёл дождь.,Во время выхода шёл дождь.
Tu vas sortir ce soir ? (futur proche),Ты выйдешь сегодня вечером?,Ты выходишь сегодня вечером?,Ты вышел сегодня вечером?,Ты скоро выйдешь?
Ils sortiront avec des amis. (futur simple),Они выйдут с друзьями.,Они выходят с друзьями.,Они вышли с друзьями.,Они выйдут с друзьями.
Je nais en 1995. (présent, rare but for example),Я родился в 1995.,Я рождаюсь в 1995.,Я рожусь в 1995.,Я появился на свет в 1995.
Je suis né à Moscou. (passé composé),Я родился в Москве.,Я рождаюсь в Москве.,Я рожусь в Москве.,Я родился в Москве.
Je reste à la maison aujourd’hui. (présent),Я остаюсь дома сегодня.,Я остался дома сегодня.,Я останусь дома сегодня.,Я остаюсь дома.
Je suis resté chez moi hier. (passé composé),Я остался дома вчера.,Я остаюсь дома вчера.,Я останусь дома вчера.,Вчера я остался дома.
Pendant que je restais là je lisais. (imparfait),Пока я оставался там я читал.,Пока я оставался там я читаю.,Пока я останусь там я читал.,Во время пребывания там я читал.
Nous allons rester ici. (futur proche),Мы останемся здесь скоро.,Мы остаёмся здесь скоро.,Мы остались здесь скоро.,Мы собираемся остаться здесь.
Vous resterez une semaine. (futur simple),Вы останетесь на неделю.,Вы остаётесь на неделю.,Вы остались на неделю.,Вы пробудете неделю.
Je fais du sport. (présent),Я занимаюсь спортом.,Я занимался спортом сейчас.,Я займусь спортом сейчас.,Я делаю спорт.
J’ai fait mes devoirs. (passé composé),Я сделал домашнее задание.,Я делаю домашнее задание.,Я сделаю домашнее задание.,Я выполнил уроки.
Pendant que je faisais la cuisine elle parlait. (imparfait),Пока я готовил она говорила.,Пока я готовил она говорит.,Пока я сделаю она говорила.,Во время приготовления она разговаривала.
Tu vas faire un gâteau. (futur proche),Ты испечёшь торт скоро.,Ты печёшь торт скоро.,Ты испёк торт скоро.,Ты собираешься сделать торт.
Ils feront un voyage. (futur simple),Они совершат путешествие.,Они совершают путешествие.,Они совершили путешествие.,Они сделают поездку.
Je bois du café le matin. (présent),Я пью кофе утром.,Я выпил кофе утром.,Я выпью кофе утром.,Я пью кофе по утрам.
J’ai bu un verre d’eau. (passé composé),Я выпил стакан воды.,Я пью стакан воды.,Я выпью стакан воды.,Я выпил воду.
Pendant que je buvais il racontait. (imparfait),Пока я пил он рассказывал.,Пока я пил он рассказывает.,Пока я выпью он рассказывал.,Во время питья он рассказывал.
Nous allons boire un café. (futur proche),Мы выпьем кофе скоро.,Мы пьём кофе скоро.,Мы выпили кофе скоро.,Мы собираемся выпить кофе.
Vous boirez du vin. (futur simple),Вы выпьете вино.,Вы пьёте вино.,Вы выпили вино.,Вы будете пить вино.
Je suis content. (présent),Я доволен.,Я был доволен сейчас.,Я буду доволен сейчас.,Я счастлив.
J’ai été malade hier. (passé composé),Я был болен вчера.,Я есть болен вчера.,Я буду болен вчера.,Вчера я болел.
Pendant que j’étais à Paris je visitais. (imparfait),Пока я был в Париже я осматривал.,Пока я был в Париже я осматриваю.,Пока я буду в Париже я осматривал.,Во время пребывания в Париже я гулял.
Tu vas être en retard. (futur proche),Ты опоздаешь скоро.,Ты опаздываешь скоро.,Ты опоздал скоро.,Ты скоро будешь опаздывать.
Ils seront là demain. (futur simple),Они будут там завтра.,Они есть там завтра.,Они были там завтра.,Завтра они будут здесь.
Je parle français. (présent),Я говорю по-французски.,Я говорил по-французски сейчас.,Я поговорю по-французски сейчас.,Я разговариваю по-французски.
J’ai parlé avec lui. (passé composé),Я поговорил с ним.,Я говорю с ним.,Я поговорю с ним.,Я поговорил с ним.
Pendant que je parlais elle écoutait. (imparfait),Пока я говорил она слушала.,Пока я говорил она слушает.,Пока я поговорю она слушала.,Во время разговора она слушала.
Nous allons parler demain. (futur proche),Мы поговорим завтра.,Мы говорим завтра.,Мы поговорили завтра.,Мы скоро поговорим.
Vous parlerez au chef. (futur simple),Вы поговорите с шефом.,Вы говорите с шефом.,Вы поговорили с шефом.,Вы будете разговаривать с начальником.
Je tombe souvent. (présent),Я часто падаю.,Я упал часто.,Я упаду часто.,Я падаю обычно.
Je suis tombé hier. (passé composé),Я упал вчера.,Я падаю вчера.,Я упаду вчера.,Вчера я упал.
Pendant que je tombais je riais. (imparfait),Пока я падал я смеялся.,Пока я падал я смеюсь.,Пока я упаду я смеялся.,Во время падения я смеялся.
Tu vas tomber si tu cours. (futur proche),Ты упадёшь если побежишь.,Ты падаешь если побежишь.,Ты упал если побежишь.,Ты скоро упадёшь если будешь бежать.
Ils tomberont amoureux. (futur simple),Они влюбятся.,Они влюбляются.,Они влюбились.,Они полюбят.
Je répète la phrase. (présent),Я повторяю фразу.,Я повторил фразу сейчас.,Я повторю фразу сейчас.,Я повторяю предложение.
J’ai répété l’exercice. (passé composé),Я повторил упражнение.,Я повторяю упражнение.,Я повторю упражнение.,Я повторил задание.
Pendant que je répétais il apprenait. (imparfait),Пока я повторял он учил.,Пока я повторял он учит.,Пока я повторю он учил.,Во время повторения он учил.
Nous allons répéter demain. (futur proche),Мы повторим завтра.,Мы повторяем завтра.,Мы повторили завтра.,Мы собираемся повторить завтра.
Vous répéterez après moi. (futur simple),Вы повторите за мной.,Вы повторяете за мной.,Вы повторили за мной.,Вы будете повторять за мной.
J’écris une lettre. (présent),Я пишу письмо.,Я написал письмо сейчас.,Я напишу письмо сейчас.,Я пишу письмо.
J’ai écrit un email. (passé composé),Я написал email.,Я пишу email.,Я напишу email.,Я написал письмо по почте.
Pendant que j’écrivais il dormait. (imparfait),Пока я писал он спал.,Пока я писал он спит.,Пока я напишу он спал.,Во время письма он спал.
Tu vas écrire un livre. (futur proche),Ты напишешь книгу скоро.,Ты пишешь книгу скоро.,Ты написал книгу скоро.,Ты скоро напишешь книгу.
Ils écriront un rapport. (futur simple),Они напишут отчёт.,Они пишут отчёт.,Они написали отчёт.,Они напишут доклад.
Je regarde la télé. (présent),Я смотрю телевизор.,Я посмотрел телевизор сейчас.,Я посмотрю телевизор сейчас.,Я смотрю ТВ.
J’ai regardé le film. (passé composé),Я посмотрел фильм.,Я смотрю фильм.,Я посмотрю фильм.,Я посмотрел кино.
Pendant que je regardais elle cuisinait. (imparfait),Пока я смотрел она готовила.,Пока я смотрел она готовит.,Пока я посмотрю она готовила.,Во время просмотра она готовила.
Nous allons regarder un match. (futur proche),Мы посмотрим матч скоро.,Мы смотрим матч скоро.,Мы посмотрели матч скоро.,Мы собираемся посмотреть матч.
Vous regarderez le spectacle. (futur simple),Вы посмотрите спектакль.,Вы смотрите спектакль.,Вы посмотрели спектакль.,Вы будете смотреть шоу.
Je vois mon ami. (présent),Я вижу своего друга.,Я увидел своего друга сейчас.,Я увижу своего друга сейчас.,Я вижу друга.
J’ai vu le film hier. (passé composé),Я видел фильм вчера.,Я вижу фильм вчера.,Я увижу фильм вчера.,Вчера я посмотрел фильм.
Pendant que je voyais le paysage je souriais. (imparfait),Пока я видел пейзаж я улыбался.,Пока я видел пейзаж я улыбаюсь.,Пока я увижу пейзаж я улыбался.,Во время вида пейзажа я улыбался.
Tu vas voir le docteur. (futur proche),Ты увидишь врача скоро.,Ты видишь врача скоро.,Ты увидел врача скоро.,Ты скоро увидишь доктора.
Ils verront le résultat. (futur simple),Они увидят результат.,Они видят результат.,Они увидели результат.,Они увидят итог.
Je réponds à ta question. (présent),Я отвечаю на твой вопрос.,Я ответил на твой вопрос сейчас.,Я отвечу на твой вопрос сейчас.,Я отвечаю на вопрос.
J’ai répondu à l’email. (passé composé),Я ответил на письмо.,Я отвечаю на письмо.,Я отвечу на письмо.,Я ответил на email.
Pendant que je répondais il attendait. (imparfait),Пока я отвечал он ждал.,Пока я отвечал он ждёт.,Пока я отвечу он ждал.,Во время ответа он ждал.
Nous allons répondre demain. (futur proche),Мы ответим завтра.,Мы отвечаем завтра.,Мы ответили завтра.,Мы скоро ответим.
Vous répondrez au client. (futur simple),Вы ответите клиенту.,Вы отвечаете клиенту.,Вы ответили клиенту.,Вы ответите клиенту.
Je mange une pomme. (présent),Я ем яблоко.,Я съел яблоко сейчас.,Я съем яблоко сейчас.,Я кушаю яблоко.
J’ai mangé au restaurant. (passé composé),Я поел в ресторане.,Я ем в ресторане.,Я поем в ресторане.,Я покушал в ресторане.
Pendant que je mangeais il parlait. (imparfait),Пока я ел он говорил.,Пока я ел он говорит.,Пока я поем он говорил.,Во время еды он разговаривал.
Tu vas manger avec nous. (futur proche),Ты поешь с нами скоро.,Ты ешь с нами скоро.,Ты поел с нами скоро.,Ты скоро поешь с нами.
Ils mangeront ensemble. (futur simple),Они поедят вместе.,Они едят вместе.,Они поели вместе.,Они будут есть вместе.
Je danse bien. (présent),Я хорошо танцую.,Я танцевал хорошо сейчас.,Я потанцую хорошо сейчас.,Я танцую хорошо.
J’ai dansé toute la nuit. (passé composé),Я танцевал всю ночь.,Я танцую всю ночь.,Я потанцую всю ночь.,Я потанцевал всю ночь.
Pendant que je dansais elle riait. (imparfait),Пока я танцевал она смеялась.,Пока я танцевал она смеётся.,Пока я потанцую она смеялась.,Во время танца она смеялась.
Nous allons danser ce soir. (futur proche),Мы потанцуем сегодня вечером.,Мы танцуем сегодня вечером.,Мы потанцевали сегодня вечером.,Мы собираемся потанцевать вечером.
Vous danserez à la fête. (futur simple),Вы потанцуете на празднике.,Вы танцуете на празднике.,Вы потанцевали на празднике.,Вы будете танцевать на вечеринке.
Je laisse la porte ouverte. (présent),Я оставляю дверь открытой.,Я оставил дверь открытой сейчас.,Я оставлю дверь открытой сейчас.,Я оставляю дверь открытой.
J’ai laissé un message. (passé composé),Я оставил сообщение.,Я оставляю сообщение.,Я оставлю сообщение.,Я оставил записку.
Pendant que je laissais il entrait. (imparfait),Пока я оставлял он входил.,Пока я оставлял он входит.,Пока я оставлю он входил.,Во время оставления он входил.
Tu vas laisser ton sac ici. (futur proche),Ты оставишь сумку здесь скоро.,Ты оставляешь сумку здесь скоро.,Ты оставил сумку здесь скоро.,Ты скоро оставишь сумку.
Ils laisseront les clés. (futur simple),Они оставят ключи.,Они оставляют ключи.,Они оставили ключи.,Они оставят ключи.
Je cherche mon téléphone. (présent),Я ищу свой телефон.,Я искал свой телефон сейчас.,Я поищу свой телефон сейчас.,Я ищу телефон.
J’ai cherché partout. (passé composé),Я искал везде.,Я ищу везде.,Я поищу везде.,Я поискал везде.
Pendant que je cherchais elle attendait. (imparfait),Пока я искал она ждала.,Пока я искал она ждёт.,Пока я поищу она ждала.,Во время поиска она ждала.
Nous allons chercher une solution. (futur proche),Мы поищем решение скоро.,Мы ищем решение скоро.,Мы поискали решение скоро.,Мы собираемся искать решение.
Vous chercherez un hôtel. (futur simple),Вы поищете отель.,Вы ищете отель.,Вы поискали отель.,Вы будете искать гостиницу.
Je visite Paris souvent. (présent),Я часто посещаю Париж.,Я посетил Париж часто.,Я посещу Париж часто.,Я осматриваю Париж обычно.
J’ai visité le musée hier. (passé composé),Я посетил музей вчера.,Я посещаю музей вчера.,Я посещу музей вчера.,Вчера я сходил в музей.
Pendant que je visitais la ville je prenais des photos. (imparfait),Пока я осматривал город я фотографировал.,Пока я осматривал город я фотографирую.,Пока я осмотрю город я фотографировал.,Во время осмотра города я делал фото.
Tu vas visiter la France. (futur proche),Ты посетишь Францию скоро.,Ты посещаешь Францию скоро.,Ты посетил Францию скоро.,Ты скоро поедешь во Францию.
Ils visiteront Rome. (futur simple),Они посетят Рим.,Они посещают Рим.,Они посетили Рим.,Они поедут в Рим.
Je voyage beaucoup. (présent),Я много путешествую.,Я путешествовал много сейчас.,Я попутешествую много сейчас.,Я путешествую часто.
J’ai voyagé en Espagne. (passé composé),Я путешествовал по Испании.,Я путешествую по Испании.,Я попутешествую по Испании.,Я съездил в Испанию.
Pendant que je voyageais je lisais. (imparfait),Пока я путешествовал я читал.,Пока я путешествовал я читаю.,Пока я попутешествую я читал.,Во время путешествия я читал.
Nous allons voyager l’été prochain. (futur proche),Мы поедем в путешествие следующим летом.,Мы едем в путешествие следующим летом.,Мы поехали в путешествие следующим летом.,Мы скоро поедем в отпуск.
Vous voyagerez en train. (futur simple),Вы поедете поездом.,Вы едете поездом.,Вы поехали поездом.,Вы будете путешествовать поездом.
Je prépare le dîner. (présent),Я готовлю ужин.,Я приготовил ужин сейчас.,Я приготовлю ужин сейчас.,Я готовлю ужин.
J’ai préparé le repas. (passé composé),Я приготовил еду.,Я готовлю еду.,Я приготовлю еду.,Я сделал ужин.
Pendant que je préparais il mettait la table. (imparfait),Пока я готовил он накрывал на стол.,Пока я готовил он накрывает на стол.,Пока я приготовлю он накрывал на стол.,Во время готовки он сервировал.
Nous allons préparer une fête. (futur proche),Мы подготовим праздник скоро.,Мы готовим праздник скоро.,Мы подготовили праздник скоро.,Мы собираемся подготовить вечеринку.
Ils prépareront le voyage. (futur simple),Они подготовят поездку.,Они готовят поездку.,Они подготовили поездку.,Они подготовят путешествие.
Je joue au football. (présent),Я играю в футбол.,Я играл в футбол сейчас.,Я сыграю в футбол сейчас.,Я играю в футбол.
J’ai joué avec mes amis. (passé composé),Я поиграл с друзьями.,Я играю с друзьями.,Я поиграю с друзьями.,Я сыграл с друзьями.
Pendant que je jouais il regardait. (imparfait),Пока я играл он смотрел.,Пока я играл он смотрит.,Пока я сыграю он смотрел.,Во время игры он смотрел.
Tu vas jouer demain. (futur proche),Ты сыграешь завтра.,Ты играешь завтра.,Ты сыграл завтра.,Ты скоро поиграешь.
Vous jouerez de la musique. (futur simple),Вы будете играть музыку.,Вы играете музыку.,Вы играли музыку.,Вы сыграете на инструменте.
Je trouve ça intéressant. (présent),Я нахожу это интересным.,Я нашёл это интересным сейчас.,Я найду это интересным сейчас.,Я считаю это интересным.
J’ai trouvé mon téléphone. (passé composé),Я нашёл свой телефон.,Я нахожу свой телефон.,Я найду свой телефон.,Я отыскал телефон.
Pendant que je trouvais la solution je réfléchissais. (imparfait),Пока я находил решение я размышлял.,Пока я находил решение я размышляю.,Пока я найду решение я размышлял.,Во время поиска решения я думал.
Nous allons trouver une idée. (futur proche),Мы найдём идею скоро.,Мы находим идею скоро.,Мы нашли идею скоро.,Мы скоро найдём идею.
Ils trouveront un travail. (futur simple),Они найдут работу.,Они находят работу.,Они нашли работу.,Они отыщут работу.
J’habite à Moscou. (présent),Я живу в Москве.,Я жил в Москве сейчас.,Я буду жить в Москве сейчас.,Я проживаю в Москве.
J’ai habité à Paris. (passé composé),Я жил в Париже.,Я живу в Париже.,Я буду жить в Париже.,Я пожил в Париже.
Pendant que j’habitais là je travaillais. (imparfait),Пока я жил там я работал.,Пока я жил там я работаю.,Пока я поживу там я работал.,Во время проживания там я работал.
Nous allons habiter ensemble. (futur proche),Мы будем жить вместе скоро.,Мы живём вместе скоро.,Мы жили вместе скоро.,Мы скоро будем жить вместе.
Vous habiterez en France. (futur simple),Вы будете жить во Франции.,Вы живёте во Франции.,Вы жили во Франции.,Вы поживёте во Франции.
Je commande un café. (présent),Я заказываю кофе.,Я заказал кофе сейчас.,Я закажу кофе сейчас.,Я заказываю кофе.
J’ai commandé le repas. (passé composé),Я заказал еду.,Я заказываю еду.,Я закажу еду.,Я сделал заказ.
Pendant que je commandais il payait. (imparfait),Пока я заказывал он платил.,Пока я заказывал он платит.,Пока я закажу он платил.,Во время заказа он платил.
Tu vas commander un taxi. (futur proche),Ты закажешь такси скоро.,Ты заказываешь такси скоро.,Ты заказал такси скоро.,Ты скоро закажешь такси.
Ils commanderont le dessert. (futur simple),Они закажут десерт.,Они заказывают десерт.,Они заказали десерт.,Они сделают заказ на десерт.
J’étudie le français. (présent),Я изучаю французский.,Я изучал французский сейчас.,Я изучу французский сейчас.,Я учу французский.
J’ai étudié toute la journée. (passé composé),Я учился весь день.,Я учусь весь день.,Я поучусь весь день.,Я проучился весь день.
Pendant que j’étudiais je prenais des notes. (imparfait),Пока я учился я делал заметки.,Пока я учился я делаю заметки.,Пока я поучусь я делал заметки.,Во время учёбы я записывал.
Nous allons étudier ensemble. (futur proche),Мы будем учиться вместе скоро.,Мы учимся вместе скоро.,Мы учились вместе скоро.,Мы скоро будем учиться вместе.
Vous étudierez à l’université. (futur simple),Вы будете учиться в университете.,Вы учитесь в университете.,Вы учились в университете.,Вы поучитесь в вузе.
Je veux un café. (présent),Я хочу кофе.,Я хотел кофе сейчас.,Я захочу кофе сейчас.,Я желаю кофе.J’ai voulu partir. (passé composé),Я хотел уйти.,Я хочу уйти.,Я захочу уйти.,Я захотел уйти.
Pendant que je voulais dormir il parlait. (imparfait),Пока я хотел спать он говорил.,Пока я хотел спать он говорит.,Пока я захочу спать он говорил.,Во время желания спать он разговаривал.
Tu vas vouloir ça. (futur proche),Ты захочешь это скоро.,Ты хочешь это скоро.,Ты хотел это скоро.,Ты скоро захочешь это.
Ils voudront venir. (futur simple),Они захотят прийти.,Они хотят прийти.,Они хотели прийти.,Они пожелают прийти.
Je dors bien. (présent),Я хорошо сплю.,Я спал хорошо сейчас.,Я посплю хорошо сейчас.,Я сплю хорошо.
J’ai dormi 8 heures. (passé composé),Я спал 8 часов.,Я сплю 8 часов.,Я посплю 8 часов.,Я проспал 8 часов.
Pendant que je dormais il travaillait. (imparfait),Пока я спал он работал.,Пока я спал он работает.,Пока я посплю он работал.,Во время сна он работал.
Nous allons dormir tôt. (futur proche),Мы ляжем спать рано скоро.,Мы ложимся спать рано скоро.,Мы легли спать рано скоро.,Мы скоро ляжем спать.
Vous dormirez bien. (futur simple),Вы хорошо поспите.,Вы хорошо спите.,Вы хорошо спали.,Вы будете спать хорошо.
Je peux venir. (présent),Я могу прийти.,Я мог прийти сейчас.,Я смогу прийти сейчас.,Я в состоянии прийти.
J’ai pu finir. (passé composé),Я смог закончить.,Я могу закончить.,Я смогу закончить.,Я сумел завершить.
Pendant que je pouvais je lisais. (imparfait),Пока я мог я читал.,Пока я мог я читаю.,Пока я смогу я читал.,Во время возможности я читал.
Tu vas pouvoir aider. (futur proche),Ты сможешь помочь скоро.,Ты можешь помочь скоро.,Ты смог помочь скоро.,Ты скоро сможешь помочь.
Ils pourront venir. (futur simple),Они смогут прийти.,Они могут прийти.,Они смогли прийти.,Они смогут приехать.
Je t’invite au restaurant. (présent),Я приглашаю тебя в ресторан.,Я пригласил тебя в ресторан сейчас.,Я приглашу тебя в ресторан сейчас.,Я зову тебя в ресторан.
Je t’ai invité hier. (passé composé),Я пригласил тебя вчера.,Я приглашаю тебя вчера.,Я приглашу тебя вчера.,Я позвал тебя вчера.
Pendant que je t’invitais il souriait. (imparfait),Пока я приглашал тебя он улыбался.,Пока я приглашал тебя он улыбается.,Пока я приглашу тебя он улыбался.,Во время приглашения он улыбался.
Nous allons t’inviter. (futur proche),Мы пригласим тебя скоро.,Мы приглашаем тебя скоро.,Мы пригласили тебя скоро.,Мы скоро пригласим тебя.
Vous inviterez vos amis. (futur simple),Вы пригласите своих друзей.,Вы приглашаете своих друзей.,Вы пригласили своих друзей.,Вы позовёте друзей.
Je te pardonne. (présent),Я прощаю тебя.,Я простил тебя сейчас.,Я прощу тебя сейчас.,Я тебя прощаю.
J’ai pardonné son erreur. (passé composé),Я простил его ошибку.,Я прощаю его ошибку.,Я прощу его ошибку.,Я простил ошибку.
Pendant que je pardonnais elle pleurait. (imparfait),Пока я прощал она плакала.,Пока я прощал она плачет.,Пока я прощу она плакала.,Во время прощения она плакала.
Nous allons lui pardonner. (futur proche),Мы простим ему скоро.,Мы прощаем ему скоро.,Мы простили ему скоро.,Мы скоро простим ему.
Ils pardonneront tout. (futur simple),Они простят всё.,Они прощают всё.,Они простили всё.,Они всё простят.Je dis la vérité. (présent),Я говорю правду.,Я сказал правду сейчас.,Я скажу правду сейчас.,Я говорю правду.
J’ai dit bonjour. (passé composé),Я сказал здравствуйте.,Я говорю здравствуйте.,Я скажу здравствуйте.,Я поздоровался.
Pendant que je disais il écoutait. (imparfait),Пока я говорил он слушал.,Пока я говорил он слушает.,Пока я скажу он слушал.,Во время речи он слушал.
Tu vas dire la vérité. (futur proche),Ты скажешь правду скоро.,Ты говоришь правду скоро.,Ты сказал правду скоро.,Ты скоро скажешь правду.
Vous direz merci. (futur simple),Вы скажете спасибо.,Вы говорите спасибо.,Вы сказали спасибо.,Вы поблагодарите.
Je bats les œufs. (présent),Я взбиваю яйца.,Я взбил яйца сейчас.,Я взобью яйца сейчас.,Я мешаю яйца.
J’ai battu le record. (passé composé),Я побил рекорд.,Я бью рекорд.,Я побью рекорд.,Я установил рекорд.
Pendant que je battais les œufs elle préparait. (imparfait),Пока я взбивал яйца она готовила.,Пока я взбивал яйца она готовит.,Пока я взобью яйца она готовила.,Во время взбивания она готовила.
Nous allons battre l’équipe. (futur proche),Мы победим команду скоро.,Мы побеждаем команду скоро.,Мы победили команду скоро.,Мы скоро победим команду.
Ils battront le record. (futur simple),Они побьют рекорд.,Они бьют рекорд.,Они побили рекорд.,Они установят рекорд.
Je comprends bien. (présent),Я хорошо понимаю.,Я понял хорошо сейчас.,Я пойму хорошо сейчас.,Я понимаю хорошо.
J’ai compris la leçon. (passé composé),Я понял урок.,Я понимаю урок.,Я пойму урок.,Я уловил урок.
Pendant que je comprenais je posais des questions. (imparfait),Пока я понимал я задавал вопросы.,Пока я понимал я задаю вопросы.,Пока я пойму я задавал вопросы.,Во время понимания я спрашивал.
Tu vas comprendre bientôt. (futur proche),Ты скоро поймёшь.,Ты понимаешь скоро.,Ты понял скоро.,Ты скоро уразумеешь.
Ils comprendront tout. (futur simple),Они поймут всё.,Они понимают всё.,Они поняли всё.,Они всё поймут.
J’achète du pain. (présent),Я покупаю хлеб.,Я купил хлеб сейчас.,Я куплю хлеб сейчас.,Я приобретаю хлеб.
J’ai acheté un cadeau. (passé composé),Я купил подарок.,Я покупаю подарок.,Я куплю подарок.,Я приобрёл подарок.
Pendant que j’achetais il attendait. (imparfait),Пока я покупал он ждал.,Пока я покупал он ждёт.,Пока я куплю он ждал.,Во время покупки он ждал.
Nous allons acheter une voiture. (futur proche),Мы купим машину скоро.,Мы покупаем машину скоро.,Мы купили машину скоро.,Мы скоро купим авто.
Vous achèterez des vêtements. (futur simple),Вы купите одежду.,Вы покупаете одежду.,Вы купили одежду.,Вы приобретёте вещи.
J’apporte le livre à toi. (présent),Я приношу книгу тебе.,Я принёс книгу тебе сейчас.,Я принесу книгу тебе сейчас.,Я несу книгу тебе.
Je t’ai apporté un cadeau. (passé composé),Я принёс тебе подарок.,Я приношу тебе подарок.,Я принесу тебе подарок.,Я принёс тебе подарок.
Pendant que j’apportais le repas elle souriait. (imparfait),Пока я приносил еду она улыбалась.,Пока я приносил еду она улыбается.,Пока я принесу еду она улыбалась.,Во время принесения еды она улыбалась.
Nous allons apporter les documents. (futur proche),Мы принесём документы скоро.,Мы приносим документы скоро.,Мы принесли документы скоро.,Мы скоро принесём бумаги.
Ils apporteront le vin. (futur simple),Они принесут вино.,Они приносят вино.,Они принесли вино.,Они принесут вино.
Je paie l’addition. (présent),Я оплачиваю счёт.,Я оплатил счёт сейчас.,Я оплачу счёт сейчас.,Я плачу по счёту.
J’ai payé le repas. (passé composé),Я оплатил еду.,Я оплачиваю еду.,Я оплачу еду.,Я заплатил за обед.
Pendant que je payais il attendait. (imparfait),Пока я платил он ждал.,Пока я платил он ждёт.,Пока я оплачу он ждал.,Во время оплаты он ждал.
Tu vas payer demain. (futur proche),Ты заплатишь завтра.,Ты платишь завтра.,Ты заплатил завтра.,Ты скоро заплатишь.
Vous paierez le billet. (futur simple),Вы оплатите билет.,Вы оплачиваете билет.,Вы оплатили билет.,Вы заплатите за билет.
Je ris souvent. (présent),Я часто смеюсь.,Я смеялся часто сейчас.,Я посмеюсь часто сейчас.,Я смеюсь часто.
J’ai ri beaucoup. (passé composé),Я много смеялся.,Я смеюсь много.,Я посмеюсь много.,Я посмеялся сильно.
Pendant que je riais elle dansait. (imparfait),Пока я смеялся она танцевала.,Пока я смеялся она танцует.,Пока я посмеюсь она танцевала.,Во время смеха она танцевала.
Nous allons rire ensemble. (futur proche),Мы посмеёмся вместе скоро.,Мы смеёмся вместе скоро.,Мы посмеялись вместе скоро.,Мы скоро посмеёмся вместе.
Ils riront de la blague. (futur simple),Они посмеются над шуткой.,Они смеются над шуткой.,Они посмеялись над шуткой.,Они будут смеяться над анекдотом.
Je voudrais un café. (conditionnel présent),Я бы хотел кофе.,Я хотел кофе сейчас.,Я захочу кофе сейчас.,Я хотел бы кофе.
J’aurais voulu venir. (conditionnel passé),Я бы хотел прийти.,Я хочу прийти.,Я захочу прийти.,Я хотел бы прийти раньше.
Je souris souvent. (présent),Я часто улыбаюсь.,Я улыбался часто сейчас.,Я улыбнусь часто сейчас.,Я улыбаюсь часто.
J’ai souri à lui. (passé composé),Я улыбнулся ему.,Я улыбаюсь ему.,Я улыбнусь ему.,Я улыбнулся ему.
Pendant que je souriais il parlait. (imparfait),Пока я улыбался он говорил.,Пока я улыбался он говорит.,Пока я улыбнусь он говорил.,Во время улыбки он говорил.
Tu vas sourire. (futur proche),Ты улыбнёшься скоро.,Ты улыбаешься скоро.,Ты улыбнулся скоро.,Ты скоро улыбнёшься.
Ils souriront sur la photo. (futur simple),Они улыбнутся на фото.,Они улыбаются на фото.,Они улыбнулись на фото.,Они улыбнутся на фотографии.
Je lui montre la photo devant la maison. (présent),Я показываю ему фото перед домом.,Я показал ему фото перед домом сейчас.,Я покажу ему фото перед домом сейчас.,Я ему демонстрирую снимок спереди дома.
Je lui ai montré le chemin en bas de la rue. (passé composé),Я показал ему дорогу внизу улицы.,Я показываю ему дорогу внизу улицы.,Я покажу ему дорогу внизу улицы.,Я ему показал путь снизу по улице.
Pendant que je lui montrais le plan elle souriait. (imparfait),Пока я показывал ему план она улыбалась.,Пока я показал ему план она улыбалась.,Пока я покажу ему план она улыбалась.,Во время показа плана она улыбалась.
Tu vas lui montrer la ville demain. (futur proche),Ты покажешь ему город завтра.,Ты показываешь ему город завтра.,Ты показал ему город завтра.,Ты скоро покажешь ему город.
Ils lui montreront le document au milieu de la table. (futur simple),Они покажут ему документ посередине стола.,Они показывают ему документ посередине стола.,Они показали ему документ посередине стола.,Они продемонстрируют ему бумагу в центре стола.
Je lui apprends le français à droite du parc. (présent),Я учу его французскому справа от парка.,Я научил его французскому справа от парка сейчас.,Я научу его французскому справа от парка сейчас.,Я ему преподаю французский с правой стороны парка.
Je lui ai appris la nouvelle hier. (passé composé),Я узнал ему новость вчера.,Я узнаю ему новость вчера.,Я узнаю ему новость вчера.,Вчера я сообщил ему новость.
Pendant que je lui apprenais la règle il écoutait. (imparfait),Пока я учил его правилу он слушал.,Пока я учил его правилу он слушает.,Пока я научу его правилу он слушал.,Во время обучения правилу он слушал.
Nous allons lui apprendre à conduire en bas de la colline. (futur proche),Мы научим его водить внизу холма скоро.,Мы учим его водить внизу холма скоро.,Мы научили его водить внизу холма скоро.,Мы скоро научим его водить снизу холма.
Vous lui apprendrez la chanson devant tout le monde. (futur simple),Вы научите его песне перед всеми.,Вы учите его песне перед всеми.,Вы научили его песне перед всеми.,Вы научите его песне на глазах у всех.
Je lui demande de l’aide à gauche de l’entrée. (présent),Я прошу у него помощи слева от входа.,Я попросил у него помощи слева от входа сейчас.,Я попрошу у него помощи слева от входа сейчас.,Я у него спрашиваю помощь с левой стороны входа.
Je lui ai demandé son avis derrière la porte. (passé composé),Я спросил у него мнение за дверью.,Я спрашиваю у него мнение за дверью.,Я спрошу у него мнение за дверью.,Я попросил его совета позади двери.
Pendant que je lui demandais le prix elle réfléchissait. (imparfait),Пока я спрашивал у неё цену она размышляла.,Пока я спрашивал у неё цену она размышляет.,Пока я спрошу у неё цену она размышляла.,Во время вопроса о цене она думала.
Il va lui demander de venir au milieu de la salle. (futur proche),Он попросит её прийти посередине зала скоро.,Он просит её прийти посередине зала скоро.,Он попросил её прийти посередине зала скоро.,Он скоро попросит её прийти в центре комнаты.
Ils lui demanderont l’heure en bas de l’escalier. (futur simple),Они спросят у неё время внизу лестницы.,Они спрашивают у неё время внизу лестницы.,Они спросили у неё время внизу лестницы.,Они спросят время у неё снизу по лестнице.
Je lui dis la vérité devant tout le monde. (présent),Я говорю ему правду перед всеми.,Я сказал ему правду перед всеми сейчас.,Я скажу ему правду перед всеми сейчас.,Я ему рассказываю правду на глазах у всех.
Je lui ai dit bonjour à droite du café. (passé composé),Я сказал ему здравствуйте справа от кафе.,Я говорю ему здравствуйте справа от кафе.,Я скажу ему здравствуйте справа от кафе.,Я поздоровался с ним с правой стороны кафе.
Pendant que je lui disais au revoir elle pleurait. (imparfait),Пока я говорил ему до свидания она плакала.,Пока я говорил ему до свидания она плачет.,Пока я скажу ему до свидания она плакала.,Во время прощания она плакала.
Tu vas lui dire la nouvelle demain. (futur proche),Ты скажешь ему новость завтра.,Ты говоришь ему новость завтра.,Ты сказал ему новость завтра.,Ты скоро скажешь ему новость.
Vous lui direz merci en dessous de la fenêtre. (futur simple),Вы скажете ему спасибо под окном.,Вы говорите ему спасибо под окном.,Вы сказали ему спасибо под окном.,Вы поблагодарите его снизу окна.
Je lui vois le sourire là-bas. (présent),Я вижу его улыбку там вдали.,Я увидел его улыбку там вдали сейчас.,Я увижу его улыбку там вдали сейчас.,Я замечаю его улыбку вон там.
Je lui ai vu le problème hier. (passé composé),Я увидел у него проблему вчера.,Я вижу у него проблему вчера.,Я увижу у него проблему вчера.,Вчера я заметил его проблему.
Pendant que je lui voyais la peur elle tremblait. (imparfait),Пока я видел у неё страх она дрожала.,Пока я видел у неё страх она дрожит.,Пока я увижу у неё страх она дрожала.,Во время наблюдения страха она дрожала.
Nous allons lui voir le résultat demain. (futur proche),Мы увидим его результат завтра.,Мы видим его результат завтра.,Мы увидели его результат завтра.,Мы скоро увидим его итог.
Ils lui verront la différence à gauche de la route. (futur simple),Они увидят разницу у него слева от дороги.,Они видят разницу у него слева от дороги.,Они увидели разницу у него слева от дороги.,Они заметят разницу с левой стороны дороги.
Je lui fais un cadeau pour eux. (présent),Я делаю ему подарок для них.,Я сделал ему подарок для них сейчас.,Я сделаю ему подарок для них сейчас.,Я готовлю подарок ему для них.
Je lui ai fait une surprise derrière la maison. (passé composé),Я сделал ему сюрприз за домом.,Я делаю ему сюрприз за домом.,Я сделаю ему сюрприз за домом.,Я устроил ему сюрприз позади дома.
Pendant que je lui faisais la cuisine il attendait. (imparfait),Пока я готовил ему еду он ждал.,Пока я готовил ему еду он ждёт.,Пока я сделаю ему еду он ждал.,Во время приготовления еды он ждал.
Tu vas lui faire un dessin au milieu du cahier. (futur proche),Ты сделаешь ему рисунок посередине тетради скоро.,Ты делаешь ему рисунок посередине тетради скоро.,Ты сделал ему рисунок посередине тетради скоро.,Ты скоро нарисуешь ему картинку в центре тетради.
Ils lui feront une fête en bas de la rue. (futur simple),Они устроят ему праздник внизу улицы.,Они устраивают ему праздник внизу улицы.,Они устроили ему праздник внизу улицы.,Они сделают ему вечеринку снизу по улице.
Je lui vais chez lui demain. (présent + futur proche),Я иду к нему домой завтра.,Я шёл к нему домой завтра.,Я пойду к нему домой завтра.,Я направляюсь к нему домой завтра.
Je suis allé lui parler à droite du bâtiment. (passé composé),Я сходил поговорить с ним справа от здания.,Я хожу поговорить с ним справа от здания.,Я схожу поговорить с ним справа от здания.,Я пошёл к нему поговорить с правой стороны здания.
Pendant que j’allais lui rendre visite elle préparait. (imparfait),Пока я шёл к нему в гости она готовила.,Пока я шёл к нему в гости она готовит.,Пока я пойду к нему в гости она готовила.,Во время пути к нему она готовила.
Nous allons lui aller ensemble devant l’école. (futur proche),Мы пойдём к нему вместе перед школой скоро.,Мы идём к нему вместе перед школой скоро.,Мы пошли к нему вместе перед школой скоро.,Мы скоро пойдём к нему вместе спереди школы.
Vous irez lui porter le paquet derrière le magasin. (futur simple),Вы пойдёте отнести ему пакет за магазином.,Вы идёте отнести ему пакет за магазином.,Вы пошли отнести ему пакет за магазином.,Вы отнесёте ему посылку позади магазина.
Je lui viens avec eux. (présent),Я прихожу к нему с ними.,Я пришёл к нему с ними сейчас.,Я приду к нему с ними сейчас.,Я иду к нему вместе с ними.
Je suis venu lui apporter le livre en dessous de l’arbre. (passé composé),Я пришёл принести ему книгу под деревом.,Я прихожу принести ему книгу под деревом.,Я приду принести ему книгу под деревом.,Я пришёл к нему с книгой снизу дерева.
Pendant que je venais lui parler il souriait. (imparfait),Пока я шёл к нему поговорить он улыбался.,Пока я шёл к нему поговорить он улыбается.,Пока я приду к нему поговорить он улыбался.,Во время прихода к нему он улыбался.
Tu vas lui venir demain à gauche du pont. (futur proche),Ты придёшь к нему завтра слева от моста.,Ты приходишь к нему завтра слева от моста.,Ты пришёл к нему завтра слева от моста.,Ты скоро придёшь к нему с левой стороны моста.
Ils viendront lui rendre visite au milieu du parc. (futur simple),Они придут навестить его посередине парка.,Они приходят навестить его посередине парка.,Они пришли навестить его посередине парка.,Они навестят его в центре парка.
Je lui prends le livre pour elle. (présent),Я беру книгу для неё у него.,Я взял книгу для неё у него сейчас.,Я возьму книгу для неё у него сейчас.,Я забираю книгу ему для неё.
Je lui ai pris la place à droite de la table. (passé composé),Я занял ему место справа от стола.,Я занимаю ему место справа от стола.,Я займу ему место справа от стола.,Я взял место для него с правой стороны стола.
Pendant que je lui prenais le sac elle attendait. (imparfait),Пока я брал ему сумку она ждала.,Пока я брал ему сумку она ждёт.,Пока я возьму ему сумку она ждала.,Во время взятия сумки она ждала.
Nous allons lui prendre un rendez-vous en bas de l’immeuble. (futur proche),Мы запишем ему встречу внизу здания скоро.,Мы записываем ему встречу внизу здания скоро.,Мы записали ему встречу внизу здания скоро.,Мы скоро забронируем ему встречу снизу дома.
Vous lui prendrez le ticket devant la gare. (futur simple),Вы возьмёте ему билет перед вокзалом.,Вы берёте ему билет перед вокзалом.,Вы взяли ему билет перед вокзалом.,Вы приобретёте ему билет спереди вокзала.
Je lui donne le cadeau pour eux. (présent),Я даю ему подарок для них.,Я дал ему подарок для них сейчас.,Я дам ему подарок для них сейчас.,Я вручаю подарок ему для них.
Je lui ai donné les clés derrière la porte. (passé composé),Я дал ему ключи за дверью.,Я даю ему ключи за дверью.,Я дам ему ключи за дверью.,Я вручил ключи ему позади двери.
Pendant que je lui donnais l’argent il comptait. (imparfait),Пока я давал ему деньги он считал.,Пока я давал ему деньги он считает.,Пока я дам ему деньги он считал.,Во время вручения денег он считал.
Tu vas lui donner la réponse au milieu de la réunion. (futur proche),Ты дашь ему ответ посередине совещания скоро.,Ты даёшь ему ответ посередине совещания скоро.,Ты дал ему ответ посередине совещания скоро.,Ты скоро сообщишь ему ответ в центре встречи.
Ils lui donneront l’information en dessous du pont. (futur simple),Они дадут ему информацию под мостом.,Они дают ему информацию под мостом.,Они дали ему информацию под мостом.,Они предоставят ему сведения снизу моста.
Je lui sais la réponse là-bas. (présent),Я знаю ответ для него там вдали.,Я знал ответ для него там вдали сейчас.,Я узнаю ответ для него там вдали сейчас.,Я знаю решение ему вон там.
Je lui ai su la vérité hier. (passé composé),Я узнал для него правду вчера.,Я узнаю для него правду вчера.,Я узнаю для него правду вчера.,Вчера я выяснил правду для него.
Pendant que je lui savais le secret elle attendait. (imparfait),Пока я знал для него секрет она ждала.,Пока я знал для него секрет она ждёт.,Пока я узнаю для него секрет она ждала.,Во время знания секрета она ждала.
Nous allons lui savoir le résultat demain. (futur proche),Мы узнаем для него результат завтра.,Мы узнаём для него результат завтра.,Мы узнали для него результат завтра.,Мы скоро выясним результат для него.
Vous lui saurez l’heure à gauche du bâtiment. (futur simple),Вы узнаете для него время слева от здания.,Вы узнаёте для него время слева от здания.,Вы узнали для него время слева от здания.,Вы выясните время для него с левой стороны здания.
Je lui peux aider devant la porte. (présent),Я могу помочь ему перед дверью.,Я мог помочь ему перед дверью сейчас.,Я смогу помочь ему перед дверью сейчас.,Я в состоянии помочь ему спереди двери.
Je lui ai pu parler hier. (passé composé),Я смог поговорить с ним вчера.,Я могу поговорить с ним вчера.,Я смогу поговорить с ним вчера.,Вчера я сумел с ним поговорить.
Pendant que je lui pouvais le faire elle souriait. (imparfait),Пока я мог сделать для него это она улыбалась.,Пока я мог сделать для него это она улыбается.,Пока я смогу сделать для него это она улыбалась.,Во время возможности помочь она улыбалась.
Tu vas lui pouvoir venir en bas de la colline. (futur proche),Ты сможешь прийти к нему внизу холма скоро.,Ты можешь прийти к нему внизу холма скоро.,Ты смог прийти к нему внизу холма скоро.,Ты скоро сможешь прийти к нему снизу холма.
Ils lui pourront donner la réponse à droite. (futur simple),Они смогут дать ему ответ справа.,Они могут дать ему ответ справа.,Они смогли дать ему ответ справа.,Они смогут ответить ему с правой стороны.
Je lui veux parler là-bas. (présent),Я хочу поговорить с ним там вдали.,Я хотел поговорить с ним там вдали сейчас.,Я захочу поговорить с ним там вдали сейчас.,Я желаю поговорить с ним вон там.
Je lui ai voulu dire la vérité. (passé composé),Я хотел сказать ему правду.,Я хочу сказать ему правду.,Я захочу сказать ему правду.,Я захотел рассказать ему правду.
Pendant que je lui voulais le cadeau elle riait. (imparfait),Пока я хотел подарить ему подарок она смеялась.,Пока я хотел подарить ему подарок она смеётся.,Пока я захочу подарить ему подарок она смеялась.,Во время желания подарить она смеялась.
Nous allons lui vouloir du bien demain. (futur proche),Мы пожелаем ему добра завтра.,Мы желаем ему добра завтра.,Мы пожелали ему добра завтра.,Мы скоро пожелаем ему всего хорошего.
Vous lui voudrez du succès à gauche de la scène. (futur simple),Вы пожелаете ему успеха слева от сцены.,Вы желаете ему успеха слева от сцены.,Вы пожелали ему успеха слева от сцены.,Вы пожелаете ему удачи с левой стороны сцены.
Je parlais avec lui quand j’ai vu l’accident devant moi. (imparfait + passé composé),Я разговаривал с ним, когда увидел аварию перед собой.,Я разговариваю с ним когда увидел аварию передо мной.,Я поговорю с ним когда увижу аварию перед собой.,Во время разговора с ним я увидел аварию спереди.J’étais fatigué mais j’ai quand même fini le rapport hier soir. (imparfait + passé composé),Я устал, но всё равно закончил отчёт вчера вечером.,Я устал но заканчиваю отчёт вчера вечером.,Я fatigue но закончу отчёт вчера вечером.,Я был уставшим и всё-таки завершил доклад вчера.
Je voudrais boire un verre de vin mais j’ai arrêté l’alcool. (conditionnel présent + passé composé),Я бы хотел выпить бокал вина, но я завязал с алкоголем.,Я хочу выпить бокал вина но я завязал с алкоголем.,Я voudrais пить вино но я остановил алкоголь.,Я бы выпил вина, но уже бросил алкоголь.
Il pouvait sauter très haut quand il était jeune mais maintenant il est trop fatigué. (imparfait + présent),Он мог прыгать очень высоко, когда был молодым, но теперь он слишком устал.,Он может прыгать очень высоко когда он был молодым но сейчас устал.,Он сможет прыгать высоко но он слишком устал.,В молодости он умел высоко прыгать, а сейчас вымотался.
Je regardais la télé en mangeant du popcorn quand le téléphone a sonné. (imparfait + passé composé),Я смотрел телевизор, поедая попкорн, когда зазвонил телефон.,Я смотрю телевизор поедая попкорн когда телефон звонит.,Я буду смотреть телевизор поедая когда телефон зазвонил.,Во время просмотра ТВ с попкорном вдруг позвонили.
Nous allons manger ensemble ce soir si tu peux venir chez nous. (futur proche + présent),Мы поедим вместе сегодня вечером, если ты сможешь прийти к нам.,Мы едим вместе сегодня вечером если ты можешь прийти к нам.,Мы собираемся есть если ты приходишь к нам.,Мы собираемся поужинать вместе, если ты сможешь заехать к нам.
J’ai voulu lui dire la vérité mais je n’ai pas pu parce que j’avais peur. (passé composé + imparfait),Я хотел сказать ему правду, но не смог, потому что боялся.,Я хотел ему сказать но я не могу потому что я боюсь.,Я хочу ему сказать но я не смог.,Я собирался сказать правду, но страх не позволил.
Elle était en train de préparer le dîner quand elle a entendu un bruit en bas. (imparfait + passé composé),Она как раз готовила ужин, когда услышала шум внизу.,Она готовит ужин когда она слышит шум внизу.,Она будет готовить когда она услышала шум.,Пока она готовила ужин, снизу раздался шум.
Je sais que je devrais partir plus tôt mais je veux finir ce travail avant. (présent + conditionnel),Я знаю, что должен уйти пораньше, но хочу закончить эту работу сначала.,Я знаю что я должен уходить но я хочу заканчивать работу.,Я знал что я должен но я хочу закончить.,Я понимаю, что надо выйти раньше, но нужно доделать дело.
Il a mangé trop de maïs hier et maintenant il a mal au ventre. (passé composé + présent),Он съел слишком много кукурузы вчера, и теперь у него болит живот.,Он ест слишком много кукурузы вчера и сейчас болит живот.,Он будет есть слишком много и у него болит живот.,Вчера он переел кукурузы — сейчас живот крутит.
J’aurais pu venir avec eux mais j’étais trop fatigué pour conduire la nuit. (conditionnel passé + imparfait),Я мог бы приехать с ними, но был слишком устал, чтобы вести машину ночью.,Я могу приехать с ними но я был слишком устал ночью.,Я бы мог приехать но я устал вести ночью.,Я бы смог поехать с ними, но ночью за рулём уже не потянул.
Pendant que je lui parlais elle regardait par la fenêtre et soudain elle a souri. (imparfait + passé composé),Пока я с ней разговаривал, она смотрела в окно и вдруг улыбнулась.,Пока я говорю с ней она смотрит в окно и вдруг улыбается.,Пока я буду говорить она смотрит и улыбается.,Во время разговора она глядела в окно — и внезапно улыбка.
Je vais prendre un café avant d’aller au travail pour me réveiller. (futur proche),Я выпью кофе перед тем, как пойти на работу, чтобы проснуться.,Я беру кофе перед тем как идти на работу чтобы проснуться.,Я возьму кофе чтобы проснуться перед работой.,Сначала кофе — потом на работу, чтоб глаза открылись.
Nous étions en train de discuter quand il a reçu un message important de son chef. (imparfait + passé composé),Мы как раз обсуждали, когда он получил важное сообщение от шефа.,Мы обсуждаем когда он получает важное сообщение от шефа.,Мы будем обсуждать когда он получил сообщение.,Пока болтали — пришло важное смс от начальника.
J’ai essayé de lui montrer comment faire mais il n’a pas voulu écouter. (passé composé + imparfait),Я пытался показать ему, как делать, но он не захотел слушать.,Я пытаюсь показать ему как делать но он не хочет слушать.,Я буду показывать но он не захотел слушать.,Я старался объяснить наглядно, а он уши заткнул.
Elle voulait dormir mais elle a dû finir son travail avant minuit. (imparfait + passé composé),Она хотела спать, но ей пришлось закончить работу до полуночи.,Она хочет спать но она должна закончить работу до полуночи.,Она будет хотеть спать но она должна закончить.,Хотела уже в кровать, а работа не пустила до ночи.
Je pourrais t’aider demain si tu me donnes plus de détails maintenant. (conditionnel présent + présent),Я мог бы помочь тебе завтра, если ты дашь мне больше деталей сейчас.,Я могу помочь тебе завтра если ты даёшь мне детали сейчас.,Я мог бы помочь если ты даёшь детали сейчас.,Завтра помогу, но расскажи подробнее прямо сейчас.
Ils ont parlé pendant des heures en buvant du vin et en regardant les étoiles. (passé composé + imparfait),Они разговаривали часами, попивая вино и глядя на звёзды.,Они говорят часами выпивая вино и глядя на звёзды.,Они будут говорить выпивая и глядя на звёзды.,Болтали допоздна под вино и под звёздным небом.
J’étais en retard parce que j’ai dû attendre le bus qui n’est jamais venu à l’heure. (imparfait + passé composé),Я опаздывал, потому что мне пришлось ждать автобус, который так и не пришёл вовремя.,Я опаздываю потому что я должен ждать автобус который никогда не приходит вовремя.,Я был в опоздании потому что я должен ждать автобус.,Опоздал из-за автобуса, который вечно не по расписанию.
Tu aurais dû lui dire la vérité plus tôt au lieu de lui mentir. (conditionnel passé),Тебе следовало сказать ему правду раньше, вместо того чтобы врать.,Ты должен сказать ему правду раньше вместо того чтобы врать.,Ты должен был сказать правду но ты врёшь.,Надо было признаться раньше, а не кормить сказками.
Je finis toujours mon travail avant d’aller manger avec mes amis. (présent),Я всегда заканчиваю работу перед тем, как пойти поесть с друзьями.,Я finis всегда работу перед тем как идти есть с друзьями.,Я буду заканчивать работу перед тем как есть с друзьями.,Сначала дело — потом ужин с компанией.
Pendant qu’il dormait elle a préparé le petit-déjeuner et lui a apporté au lit. (imparfait + passé composé),Пока он спал, она приготовила завтрак и принесла ему в постель.,Пока он спит она prépare завтрак и приносит ему в постель.,Пока он будет спать она приготовила завтрак.,Пока он дрых — она уже накрыла завтрак и подала в койку.
