jeune,صغير,زوين,جديد,قاصري,ما ناضجش,طري
tu as vu,شفتي,شفت,شايف,غادي تشوف,راك شفتي,كنتم شفتو
vous êtes,نتوما,كاتكونو,نتي,انتوما,نتوما كاتبقاو,نتوما كاتعيشو
tu as,عندك,كاتملك,نتي عندك,عندك انت,نتا عندك,كيتوفر
je,انا,آنا,أنا,نّا,أناوي,آني
déjà,دابا,الآن,تو,حالين,ديجا,سبق
hier il faisait froid,البارح كان بارد,البارح كان قارس,البارح كان شتا,البارح كان صقيع,البارح كان جليد,البارح كان قرص
non,لا,مابغيتش,موش,ماشي,لاا,مابغاش
cour,محكمة,ساحة,دار المخزن,بلاصة القضاء,ساحة الدار,حوش
faux,غلط,ماصحيش,كاذب,مزيور,باطل,ما والو
valeur,قيمة,ثمن,مزية,أهمية,وزن,سعر
arbre,شجرة,خشب,نبات,غابة,غصن,ورقة
dame,سيدة,مرا,مدام,دام,نبيلة,آنسة
l'homme,راجل,مرا,واحد,طفل,صاحب,بالغ
embrouiller,خلط,لبس,دمج,جمع,ربط,عقد
Je me suis embrouillé,تلخبطت,اعترفت,غلطت,خلصت,قررت,فرحت
avec,مع,بلاش,ل,من,ب,علاش
sans,بلا,مع,ل,من,ب,علاش
le désir,رغبة,بغية,شوق,لهفة,عشق,نزوة
l'envie,بغية,رغبة,نزوة,لهفة,شوق,حسد
la neige,ثلج,شتا,برد,جليد,بيض,ندفة
bière,بيرة,خمرة,كحول,مشروب,ويسكي,شمبانيا
le café,قهوة,خمر,عصير,حليب,ما,شاي
air,هواء,ريح,سما,أوكسجين,نفس,غاز
victoire,نتصار,ربح,تفوق,نجاح,غنيمة,إنجاز
qui est-ce,شكون هادا,شكون هاكاك,شنو هادا,فين هو,كيفاش هو,متى هو
où est la salle de bain,فين الطواليت,فين المراحيض,فين الكوزينة,فين البيت,فين الصالون,فين البيرو
où sont les toilettes,فين الطواليت,فين المراحيض,فين المحطة,فين الطوبيسي,فين المطعم,فين الحانوت
d'où viens-tu,منين جاي,فين ساكن,فين غادي,كيفاش حالك,شنو هادا,شكون نتا
comment,كيفاش,فين,متى,علاش,شكون,شنو
pourquoi,علاش,فين,متى,كيفاش,شكون,شنو
quand,متى,فين,علاش,كيفاش,شكون,شنو
qui,شكون,فين,متى,علاش,كيفاش,شنو
quoi,شنو,فين,متى,علاش,كيفاش,شكون
où,فين,متى,علاش,كيفاش,شكون,شنو
le pneu,كاعو,عجلة,طوموبيل,مركبة,كاوتشو,مثقوب
tu veux quoi,شنو بغيتي,شنو كتفكر,شنو محتاج,كيفاش حالك,فين نتا,شكون نتا
à quelle heure,شحال الساعة,شحال الوقت,متى,شحال المدة,فين,علاش
quel âge as-tu,شحال عمرك,شنو سميتك,فين ساكن,كيفاش حالك,شحال الساعة,منين جاي
qu'est-ce que c'est,شنو هادا,شنو هاكاك,شنو هيا,شكون هادا,فين هيا,بشحال هادا
mal,خايبة/غلط,مزيان,كوينة,واخة,لاباس,زين
le mois,شهر,سيمانة,نهار,عام,وقت,مدة
mariage,جواج,عرس,زواج,اتحاد,عائلي,حفل
le temps,وقت,طقس,ساعة,نهار,لحظة,مدة
l'usure,هلاك,تآكل,تقادم,تدهور,انخفاض,تلف
riche,غني,ثري,ميسور,واحد عندو,فاخر,مرفه
nous sommes allés,مشينا,سافرنا,غادين,مشيت,مشاو,مشيتو
nous avons mangé,كلنا,تغدينا,غادين ناكلو,كلت,كلو,كلتو
ils vont au cinéma,غادين للسينيما,غادين للسينيما,غادين للسينيما,غادي للسينيما,غادة للسينيما,غاادي للسينيما
nous mangeons au restaurant,كاناكلو فالريسطو,كاناكلو بجوج,كاناكلو فالدار,كاناكل فالريسطو,كاناكلو فالريسطو,كاناكل فالريسطو
nous allons à l'école,كانمشيو للمدرسة,غانمشيو للمدرسة,كانمشي للمدرسة,كانمشيو للمدرسة,كانمشيو للمدرسة,كانتمشيو للمدرسة
nous avons,عندنا,كنكونو,كانديرو,كانمشيو,كانبغيو,كانفكرو
vous,نتوما,حنا,هما,انا,هو,علاش
la direction,جهة,طريق,توجيه,إدارة,تعليمات,اتجاه
la route,طريق,سكة,طريق,طريق سريع,مسلك,شارع
la chaleur,سخونية,دفء,حرارة,حار,نار,صيف
chaud,سخون,دافي,محما,حراق,محروق,عاطفي
guerre,حرب,قتال,صراع,معارك,عداوات,خصام
réveil,فيّاقة,صحوة,فيق,منبه,إيقاظ,نشوط
pari,رهان,مقامرة,حظ,مخاطرة,أودز,تكهن
rêve,حلم,رؤية,خيال,كابوس,طموح,مثال
navire,سفينة,مركب,قارب,باخرة,بوخرة,باخرة
la voiture,طوموبيل,مركبة,كاميون,دراجة,قطار,باص
les fruits,فواكه,خضرة,لحم,حوت,جبن,خبز
la carotte,خيزو,خضرة,برتقال,جدر,صحي,ني
la pomme de terre,بطاطا,خضرة,درنة,نشوية,مقلية,مسلوقة
la tomate,طماطم,خضرة,حمر,فواكه,صلصة,سلطة
coffre-fort,خزينة,خزينة,صندوق أمان,صندوق آمن,صندوق مقفل,خزينة كنز
vide,خاوي,فارغ,ماكاين,مجوف,قفر,مشغولش
américain,أمريكي,مواطن أمريكي,يانكي,أمريكا,داخلي,شخص أمريكي
nous,حنا,علاش,هما,نتوما,انا,هو
ouvert,محلول,مفتوح,متاح,متوفر,صريح,ظاهر
l'école,مدرسة,جامعة,قسم,درس,أستاذ,تلميذ
impossible,مايمكنش,مايتعملش,مايتحققش,مايتخيلش,ماكاينش,سخيف
oncle,عم,عم,قريب,زوج العمة,خو الواليد,عمي
la laideur,قبح,دمامة,قذارة,نفور,فظاعة,وحشية
laid,قبيح,دميم,قذر,مشين,منفر,فظيع
tour,جولة,دورة,لفة,حيلة,دوران,لف
confiance,ثقة,أمان,إيمان,يقين,اعتماد,تأكيد
sans importance,ماهمش,تافه,صغير,مايعنيش,مهمل,مايلزمش
le trajet,سفر,رحلة,طريق,سفر,مرور,تنقل
la paix,سلام,طمأنينة,هدوء,وئام,اتفاق,سكينة
l'entraînement,تمرين,تدريب,رياضة,ممارسة,جلسة,مدرب
la ville,مدينة,مدينة,دوار,بلاصة,عاصمة,منطقة
tendre,حنين,قاصح,قاصح,طري,خشن,لطيف
assez,بزاف/شوية,بزاف بزاف,بزاف,هكاك,قليل,بزاف
très,بزاف,بزاف,هكاك,شوية,أكثر,بزاف
la langue,لغة,لسان,كلام,لهجة,لهجة,كلمة
demain il va pleuvoir,غدا غادي يطيح المطر,غدا غادي يكون صافي,غدا غادي يكون حار,غدا غادي يكون بارد,غدا غادي يطيح الثلج,غدا غادي يكون ريح
salle de bain,بيت الما,طواليت,دوش,بيت الما,بيت الما,طواليت
aujourd'hui il fait chaud,اليوم حار,اليوم بارد,اليوم زوين,اليوم كاطيح,اليوم صافي,اليوم فيه ريح
à la vôtre,بالصحة,بالصحة,بالهنا,شكرا,مرحبا,بالسلامة
composer une chanson,تأليف أغنية,كتابة موسيقى,خلق لحن,عمل لحن,اختراع كلمات,بناء تراك
marcher,تمشى,تخدم,تخدم,تخطي,تمشي,تمشي
résister à la tentation,تقاوم الإغراء,تصمد للإغراء,تعارض الإغراء,تتحمل الإغراء,تصمد للإغراء,تتحدى الإغراء
résister,تقاوم,تصمد,تعارض,تتحمل,تصمد,تتحدى
pleurer,تبكي,تبكي,تنوح,تنحب,تندب,تشكي
mettre un chapeau,تحط قبعة,تلبس غطاء الراس,تلبس قبعة,تحط غطاء,تحط إكسسوار,تغطي الراس
prendre une douche,تاخد دوش,تغسل الجسد,تاخد دوش,تنقي راسك,تنعش بالما,تغتسل بسرعة
falloir,يلزم,يبغي,يحتاج,يجب,يكون,يديرو
pouvoir,يقدر,يبغي,يعرف,يكون,يمشي,يديرو
suivre un chemin,تبع طريق,تمشي طريق,تتبع طريق,تتبع مسار,تمشي على,تكمل طريق
risquer sa vie,تخاطر بحياتك,تغامر بالوجود,تخاطر بالكون,تعرض راسك,تخاطر بالشخص,تقامر بالجسد
risquer,تخاطر,تغامر,تخاطر,تعرض,تخاطر,تقامر
estimer la valeur,تقدر القيمة,تقيم القيمة,تحكم على الثمن,تحسب التكلفة,تقدر المبلغ,تثمن المجموع
estimer,تقدر,تقيم,تحكم,تحسب,تقدر,تثمن
encourager un enfant,تشجع طفل,تحفز الولد,تدعم الشباب,تلهم الصغير,تحفز الصغير,تشجع الصغير
encourager,تشجع,تحفز,تدعم,تلهم,تحفز,تشجع
ouvrir,تحل,تحل,تبدا,تفتح,تكشف,تدشن
compter les moutons,تعد الخرفان,تحاول تنعس,تستعمل حيلة للنوم,تخيل الحيوانات,ترخي البال,تحضر للراحة
juger une situation,تحكم على وضعية,تحاول الظروف,تعتبر الحالة,تأخذ السياق,تقدر المشهد,تقرر الحالة
goûter,تذوق,تجرب,تتذوق,تستمتع,تحس,تستمتع
juger,تحكم,تحاول,تعتبر,تأخذ,تقدر,تقرر
réfléchir avant d'agir,تفكر قبل ما تديري,تفكر قبل الخطوة,تتأمل قبل الفعل,تعتبر قبل ما تديري,تتفكر قبل الإجراء,تتأمل قبل الخطوة
croire,تؤمن,تفكر,تثق,تفترض,تصدق,تقبل
réfléchir,تفكر,تفكر,تتأمل,تعتبر,تتفكر,تتأمل
dire,تقول,تحكي,تسول,تديري,تصاوب,تهضر
dire,تقول,تحكي,تهضر,تعلن,تصرح,تذكر
apprendre,تعلم,تعلم,تسمع,تكتشف,تحفظ,تقرا
parler,تهضر,تهضر,تقول,تحكي,تسول,تصوني
emprunter un livre,تستعير كتاب,تاخد المجلد,تنسخ النص,تقلد القصة,تتبنى الحكاية,تفترض السرد
enlever une veste,تنزع جاكيت,تنزع المعطف,تنزع الطبقة,ترمي اللباس,تنقي الثوب,تتخلص من الخارجي
se déshabiller,تنعر,تنزع الحوايج,تنزع اللباس,تنعر,تنعر,تحضر للنعاس
enlever,تنزع,تنزع,تاخد,تخطف,تنزع,تنقي
ramener un ami,تجيب صاحب,ترجع الرفيق,تقلل البودي,تقود الرفيق,ترجع البال,تتذكر الميت
ramener,تجيب,ترجع,تقلل,ترجع,ترجع,تتذكر
donner,تعطي,تاخد,تجيب,تصاوب,تديري,تقول
emprunter,تستعير,تاخد,تنسخ,تقلد,تتبنى,تفترض
soutenir une idée,تدعم فكرة,تستمر في الفكر,تدعم المفهوم,ت uphold الفكرة,تحافظ على الخطة,تتحمل الاقتراح
soutenir,تدعم,تستمر,تدعم,ت uphold,تحافظ,تتحمل
imaginer un monde,تخيل عالم,تفترض مملكة,تتخيل كون,تتصور كوكب,تتخيل مجال,تفكر في المجال
imaginer,تخيل,تفترض,تتخيل,تتصور,تتخيل,تفكر
réussir son examen,تنجح فالامتحان,تنجح فالامتحان,تديري مزيان فالامتحان,تفشل فالامتحان,تربح اللعبة,تحقق الهدف
se coiffer,تسرح شعرك,تصاوب شعرك,تمشط,تفرشي شعرك,ترتب التسريحة,تصلح اللوك
apprendre une langue,تعلم لغة,تقرا لغة,تمارس الكلمات,تتقن اللسان,تكتسب الكلام,تحسن التواصل
marcher dans la ville,تمشي فالمدينة,تجول فالبلدة,تستكشف الشوارع,تتجول فالمنطقة الحضرية,تمشي على رجليك,تكتشف المدينة
empêcher un accident,تمنع حادث,توقف mishap,تعوق crash,تحجب incident,تعوق event,تتجنب الكارثة
empêcher,تمنع,توقف,تعوق,تحجب,تعوق,تتجنب
voler,تطير,تسرق,تسرق,تحلق,تنزلق,تسرق
diviser le gâteau,تقسم الكعكة,تقسم الحلوة,تشارك الحلاوة,تقطع الحصة,توزع المعاملة,تفصل القطعة
diviser,تقسم,تقسم,تشارك,تفصل,توزع,تصنف
prendre un bain,تاخد حمام,تنقع فالحوض,ترخي فالماء,تغتسل ببطء,تستمتع بالما السخون,ترتاح
pleuvoir,يطيح المطر,يطيح الثلج,يعصف,يصب,يرذاذ,يطيح
rire,تضحك,تبتسم,تمزح,تسخر,تقهقه,تضحك
sentir,تحس,تشتم,تحس,تحس,تحس,تحس
casser un verre,تكسر كاس,تحطم كاس,تحطم الشيء,تشقق الشيء,تدمر الحاوية,تفصل المادة
casser,تكسر,تحطم,تنكس,تنفجر,تفشل,تخرب
couper un fruit,تقطع فاكهة,تشرط المنتج,تفرمي الماكلة,تقسم الشيء,تحضر الوجبة,تقسم للأكل
couper,تقطع,تشرط,تقلم,تفرمي,تقطع,تقلل
se coucher tard,تنعس متأخر,تنعس متأخر,تسهر متأخر,تتقاعد متأخر,تدخل متأخر,ترتاح متأخر
dessiner,ترسم,ترسم,تصمم,ترسم مخطط,تصور,تخطط
fermer,تسد,تسد,تقفل,تختم,تختم,تختم
pousser une porte,تدفع باب,تدفع المدخل,تضغط اللوحة,تحل بالقوة,تحرك الحاجز,تقدم الولوج
pousser,تدفع,تدفع,تحث,تروج,تنمو,تشجع
bouger,تحرك,تحرك,تحرك,تحرك,تبدل,تمشي
payer une facture,تخلص فاتورة,تسوي فاتورة,تكافئ الحساب,تعاني من التهمة,تدفع التكلفة,تعوض الدين
payer,تخلص,تسوي,تكافئ,تعاني,تدفع,تعوض
acheter,تشري,تبيع,تاخد,تجيب,تكون,تعطي
choisir,تختار,تختار,تختار,تقرر,تنتخب,تختار
visiter un musée,تزور متحف,تشوف معرض,تستكشف جاليري,تشوف الفن,تكتشف التاريخ,تمشي فالمجموعة
regarder un film,تشوف فيلم,تشوف فيلم,تشوف فيلم,تستمتع بالسينما,تشوف الشاشة,تتبع القصة
lire,تقرا,تشوف,تكتب,تقرا,تعلم,تهضر
chercher,تقلب,تقلب,تقلب,تصطاد,تحاول,تفحص
saluer un voisin,تسلم على الجار,تسلم على المحلي,تلوح للمقيم,تحيا القريب,تخاطب القريب,ترحب بالمجاور
saluer,تسلم,تسلم,تلوح,تحيا,تخاطب,ترحب
tourner,تدور,تدور,تدور,تلوي,تبدل,تصور
se lever tôt,تفيق باكرا,تفيق باكرا,تفيق باكرا,تبدا النهار باكرا,تخلي السرير باكرا,تبدا الصباح باكرا
critiquer un film,تنتقد فيلم,تراجع السينما,تنتقد الصورة,تحكم على الفيلم,تنتقد الشاشة,تعلق على الإنتاج
critiquer,تنتقد,تراجع,تنتقد,تحكم,تنتقد,تعلق
garder,تحفظ,تحفظ,تحمل,تحفظ,تحافظ,تحافظ
limiter,تحدد,تقيد,تحدد,تحصر,تقلل,تحدد
dormir,تنعس,ترتاح,ترقد,تبقى,تمشي,تفيق
sauver une vie,تنقذ حياة,تنقذ كائن,تحافظ على الوجود,تحمي الروح,توفر الشخص,تسلم الفرد
sauver,تنقذ,تنقذ,تحافظ,تحمي,توفر,تسلم
demander,تسول,تطلب,تستفسر,تطلب,تتطلب,تتوسل
donner une réponse,تعطي جواب,تجاوب,تستجيب,تعطي حل,تشرح,توضح
répondre,تجاوب,تجاوب,تستجيب,تتفاعل,تتطابق,تتطابق
louer,تمدح,تكري,تكري,تمدح,تمدح,تمدح
rester,تبقى,تبقى,تحفظ,تكون,تعيش,تنتضر
compter,تحسب,تعتمد,تعتمد,تهم,تحسب,تحسب
refuser une offre,ترفض عرض,ترفض اقتراح,ترفض اقتراح,تنكر فرصة,ترفض فرصة,ترفض إمكانية
refuser,ترفض,ترفض,ترفض,تنكر,ترفض,ترفض
considérer toutes options,تعتبر جميع الخيارات,تنظر لكل خيار,تفكر فكل,تفحص كل,تعتبر كل,تشوف كل
considérer,تعتبر,تنظر,تفكر,تفحص,تعتبر,تشوف
accepter une invitation,تقبل دعوة,تستقبل دعوة,توافق على الاتصال,تقبل الطلب,ترحب بالاقتراح,توافق على العرض
accepter,تقبل,تستقبل,توافق,تقبل,ترحب,توافق
se rappeler un nom,تتذكر سميه,تتذكر الشخص,تفكر فالعنوان,ترجع للذاكرة,تحفظ فبالك,ما تنساش
se souvenir,تتذكر,تتذكر,تحفظ فبالك,تحفظ,تتذكر,تحفظ
écrire,تكتب,تقرا,تقول,تحكي,تقرا,تعلم
lever,ترفع,ترفع,تفيق,ترفع,تحمل,تاخد
courir,تجري,تسابق,تعجل,تتدفق,تدير,تشتغل
quitter,تغادر,تغادر,تهجر,تغادر,تتنازل,تسقط
douter de tout,تشك فكلشي,تسول على كلشي,تشتبه فكلشي,تتردد فكلشي,تعدم الثقة فكلشي,تتأرجح فكلشي
douter,تشك,تسول,تشتبه,تتردد,تعدم الثقة,تتأرجح
s'habiller,تلبس,تلبس الحوايج,تلبس اللباس,تكسي راسك,تختار الحوايج,تحضر اللوك
suivre,تتبع,تتبع,تطيع,تتبع,تفهم,تكمل
défendre son opinion,تدفع على رايك,تحمي وجهة نظرك,ت uphold معتقدك,تمنع العكس,تمنع العكس,تدعم الموقف
défendre,تدفع,تحمي,ت uphold,تمنع,تمنع,تدعم
suggérer une idée,تقترح فكرة,تقترح فكر,توصي بفكرة,تلمح لمفهوم,تلمح لخطة,تنصح بخطة
suggérer,تقترح,تقترح,توصي,تلمح,تلمح,تنصح
interdire l'accès,تمنع الولوج,تمنع الدخول,تحظر المدخل,تمنع القبول,تمنع المرور,تمنع الطريقة
interdire,تمنع,تمنع,تحظر,تمنع,تمنع,تمنع
triompher des obstacles,تنتصر على العوائق,تتغلب على الحواجز,تنجح فالتحديات,تربح الصعوبات,تتغلب على التحديات,تنتصر على العوائق
triompher,تنتصر,تتغلب,تنجح,تربح,تتغلب,تنتصر
méditer en silence,تتأمل فالسكوت,تتفكر بهدوء,تتأمل فالسكون,تتفكر فالهدوء,تتفكر فالهدوء,تفكر فالسلام
méditer,تتأمل,تتفكر,تتأمل,تتفكر,تتفكر,تفكر
faire du sport,تديري رياضة,تلعب رياضة,تتمرن,تتدرب,تتمرن,تحرك الجسد
organiser une fête,تنظم حفلة,تخطط للاحتفال,ترمي حفلة,ترتب الحدث,تستضيف التجمع,تحضر المرح
mettre,تحط,تحط,تحط,تلبس,تحط,تحط
poser,تحط,تحط,تحط,تسول,تحط,تحط
convaincre un ami,تقنع صاحب,تقنع البودي,تربح البال,ترضي الرفيق,تؤكد الميت,تثبت الميت
convaincre,تقنع,تقنع,تربح,ترضي,تؤكد,تثبت
permettre l'entrée,تسمح بالدخول,تسمح بالولوج,تمكن المدخل,تأذن بالقبول,تخلي تدخل,تمنح المرور
permettre,تسمح,تسمح,تمكن,تأذن,تخلي,تمنح
fêter un anniversaire,تحتفل بعيد الميلاد,تحتفل بالذكرى,تحتفل بالعيد,تعلم العام,تفرح بالتاريخ,تكرم الميلاد
fêter,تحتفل,تحتفل,تحتفل,تعلم,تفرح,تكرم
oublier,تنسى,تنسى,تهمل,تخلي وراك,تتجاهل,تفوت
vaincre ses peurs,تهزم مخاوفك,تتغلب على القلق,تنتصر على الرعب,تهزم الهموم,تنتصر على الخوف,تتغلب على الرعب
vaincre,تهزم,تتغلب,تنتصر,تهزم,تنتصر,تتغلب
compter les étoiles,تحسب النجوم,تحسب السماوية,تحسب الأضواء,تحسب السما,تعتمد على الكون,تهم السماوي
informer les gens,تعلم الناس,تعلم الناس,تقول للناس,تنصح البشر,تنير الأفراد,تعرف الكائنات
informer,تعلم,تعلم,تقول,تنصح,تنير,تعرف
raconter une histoire,تحكي قصة,تحكي حكاية,تحكي قصة,تحكي حدث,توصف مغامرة,تبلغ حادثة
raconter,تحكي,تحكي,تحكي,تحكي,توصف,تبلغ
danser sur une chanson,ترقص على أغنية,تحرك على الموسيقى,تجروف,تتأرجح على الإيقاع,تستمتع بالإيقاع,تحفل بالرقص
danser,ترقص,تحرك,تؤدي,تتأرجح,تحتفل,تحفل
perdre,تخسر,تضيع,تهدر,تتنازل,تفشل,تسقط
rejoindre un groupe,تنضم لمجموعة,تلتقي بالفريق,تلحق بالآخرين,تصل للحشد,تتحد مع,تجمع القوى
connaître,تعرف,تلتقي,تعرف,تعلم,تفهم,تتذكر
rejoindre,تنضم,تلتقي,تلحق,تصل,تتحد,تجمع
créer un dessin,تصنع رسم,تصنع رسم,تنتج رسم,تصمم صورة,تشكل صورة,تصنع فن
avoir tort,تكون غالط,تغلط,تغلط,تكون غلط,تخسر الحجة,تفهم غلط
aimer,تعجب,تحب,تبغي,تعرف,تشوف,تكون
perdre son temps,تهدر وقتك,تخسر الدقايق,تصرف بلا فائدة,تكسل,تهدر الساعات,ما تديري والو
regarder,تشوف,تشوف,تشوف,تسمع,تلقا,تعرف
sembler,تبان,تبان,تبان,تكون,تحس,تبان
voir,تشوف,تشوف,تشوف,تعرف,تلقا,تفهم
prêter attention,تعطي انتباه,تعطي تركيز,تعطي بال,تعطي عناية,تعطي انتباه,تعطي تركيز
prêter,تعطي,تعطي,تعطي,تعطي,تعطي,تعطي
préférer,تفضل,تحب أكثر,تفضل,تختار,تختار,تميل
lever la main,ترفع يدك,ترفع دراعك,تحط كفك,تعلم,تبين,تبين الحضور
laisser une chance,تخلي فرصة,تخلي فرصة,تسمح بإمكانيه,تسمح بالحظ,تهجر الحظ,تترك الاحتمال
oublier quelque chose,تنسى حاجة,تخلي وراك,تفوت الشيء,تتجاهل,ما تتذكرش,تفقد التتبع
laisser,تخلي,تخلي,تسمح,تسمح,تهجر,تترك
étudier,تقرا,تعلم,تقرا,تخدم,تعرف,تشوف
sauter,تقافز,تقافز,تتخطا,تقافز,ترتد,تتخطا
précéder quelqu'un,تمشي قبل واحد,تقود الشخص,تمشي قدام,تتوقع الوصول,تقدم,تقدم الأول
lancer,ترمي,تطلق,تبدا,ترمي,ترمي,تبدا
continuer,تكمل,تكمل,تكمل,تكمل,تستمر,تمشي
présenter son projet,تقدم مشروعك,تقدم خطة,تبين فكرة,تعرض مفهوم,تقدم اقتراح,تقترح خطة
présenter,تقدم,تقدم,تبين,تعرض,تقدم,تقترح
présenter,تقدم,تقدم,تبين,تعرض,تقدم,تقترح
examiner un document,تفحص وثيقة,تفحص ورقة,تتحقق من ملف,تقرا سجل,تفحص نص,تراجع كتابة
examiner,تفحص,تفحص,تتحقق,تقرا,تفحص,تراجع
poser une question,تسول سؤال,تستفسر,تطرح سؤال,تطلب معلومات,تتسول,تطلب جواب
multiplier les efforts,تضاعف الجهود,تزيد المحاولات,تعزز الخدامه,تعزز المحاولات,تضخم الطاقة,تعظم المحاولات
multiplier,تضاعف,تزيد,تتكاثر,تنتشر,تعزز,تعظم
ajouter du sel,تزيد الملح,تدخل التوابل,تحط التوابل,تكمل النكهة,تعزز الطعم,تربط التوابل
ajouter,تزيد,تدخل,تضيف,تساهم,تكمل,تربط
rêver de voyage,تحلم بالسفر,تتخيل الرحلة,تتخيل الرحلة,تبغي مغامرة,تتصور بلايص بعيدين,تاملي الاستكشاف
chanter sous la douche,تغني فالدوش,تغني وانت كتغسل,تغني فالحمام,تؤدي تحت الما,تصوت وانت كت清理,تستمتع بصوتك
porter un sac,تحمل كيس,تحمل أمتعة,تحمل حمل,تنقل الشيء,تجيب حاوية,تدعم الوزن
louer une voiture,تكري طوموبيل,تكري مركبة,تمدح الطوموبيل,تمدح النقل,تمدح الطوموبيل,تمدح الماكينة
servir,تخدم,تساعد,تستعمل,تخدم,تاكل,تشرب
écouter de la musique,تسمع موسيقى,تسمع أغاني,تشغل موسيقى,تستمتع بألحان,تكون ساوندتراك,تضبط على
écouter un podcast,تسمع بودكاست,تسمع عرض صوتي,تتبع حلقة,تستمتع بحديث,تمتص المحتوى,تضبط على نقاش
écouter,تسمع,تسمع,تهضر,تهضر,تقول,تحكي
devoir,يجب,يجب,يجب,واجب,اختبار,التزام
avoir de la chance,تكون محظوظ,تكون عندك حظ,تجيب حظ,تربح أودز,تستفيد من الحظ,تنجح بلا توقع
tenir,تحمل/تحفظ,تكون,تاخد,تعطي,تحط,تبقى
être,تكون,تكون,تديري,تمشي,تشوف,تعرف
arrêter,توقف,توقف,توقف,تغادر,تعتقل,تمنع
protéger un secret,تحمي سر,تحرس لغز,تدفع مخفي,تحمي سري,تحافظ على خاص,تحمي غير معلن
protéger,تحمي,تحرس,تدفع,تحمي,تحافظ,تحمي
sourire,تبتسم,تبتسم,تبتسم,تبان فرحان,تفرح,تعبر عن فرح
comprendre le problème,تفهم المشكل,تفهم القضية,تشوف الصعوبة,تدرك التحدي,تفهم الوضعية,تحل المشكل
attraper un ballon,تلتقط كورة,تقبض كرة,تمسك الشيء,تحمل لعبة,تستقبل رمية,تؤمن الشيء
attraper,تلتقط,تقبض,تمسك,تصيد,تجيب,تفهم
accompagner un ami,ترافق صاحب,تمشي مع البودي,ترافق الرفيق,تحضر الشخص,تنضم معا,تمشي جنب
accompagner,ترافق,تمشي مع,ترافق,تحضر,تكمل,تطابق
faire les courses,تديري الشرا,تمشي للشرا,تشري الماكلة,تشري الماكلة,تديري المهمات,تشري حوايج
entrer,تدخل,تدخل,تدخل,تنضم,تحط,تبدا
faire une promenade,تمشي مشية,تمشي مشية,تجول,تتجول,تمشي,تمشي
voyager en train,تسافر بالقطار,تمشي بالسكة,تركب القطار,تسافر على السكة,تاخد لوكوموتيف,تمشي بالسكة الحديدية
précéder,تسبق,تمشي قبل,تقود,تتوقع,تسبق,تقدم
retourner,ترجع,ترجع,تقلب,تقلب,ترجع,ترجع
faire,تديري/تصاوب,تمشي,تكون,تكون,تقول,تشوف
passer,تعدّي/تقضي وقت,تمشي,تمشي,توقع,تعبر,تفوت
venir,تجي,تمشي,توصل,ترجع,تغادر,تدخل
coller une photo,تلصق صورة,تلصق صورة,تلصق صورة,تلصق مرئي,تصلح ذاكرة,تركب طباعة
coller,تلصق,تلصق,تلصق,تلتصق,تلصق,تنشر
abandonner un rêve,تهجر حلم,تخلي الأمل,تترك الرؤية,تهجر الخيال,تتخلى عن الوهم,تتنازل عن الرغبة
abandonner,تهجر,تخلي,تترك,تهجر,تتخلى,تتنازل
offrir un cadeau,تعطي هدية,تعطي هدية,تعطي مفاجأة,تعطي هدية,تقترح شيء,تتطوع بفرح
céder à la pression,تستسلم للضغط,تستسلم للضغط,تستسلم للقوة,تتنازل للدفع,تستسلم للوزن,تخلي الطريق
céder,تستسلم,تستسلم,تستسلم,تتنازل,تستسلم,تخلي
offrir,تعطي,تعطي,تعطي,تعطي,تقترح,تتطوع
perdre patience,تفقد الصبر,تصبرش,تتعصب,تنتضر بزاف,تعصب,تخلي
prendre,تاخد,تجيب,تجيب,تصاوب,تديري,تعطي
recevoir,تستقبل,تجيب,تقبل,ترحب,تحصل,تستضيف
regarder les étoiles,تشوف النجوم,تشوف السما,تشوف الليل,تعجب بالكون,تشوف لفوق,تستمتع بالسماوي
mesurer la distance,تقيس المسافة,تقيس الطول,تقيم المدى,تقيس الفجوة,تقيس الفترة,تقيم الفصل
mesurer,تقيس,تقيس,تقيم,تقيس,تقيس,تقيم
réunir la famille,تجمع العائلة,تجمع الأقارب,تجمع العائلة,تجمع معا,تجمع الأحباب,تجمع العائلة
réunir,تجمع,تجمع,تجمع,تنضم,تجمع,تجمع
gagner du temps,تربح وقت,تربح دقايق,تستعمل بكفاءة,تسرع,تحسن,تعجل
excuser son retard,تعذر على التأخير,تغفر التأخير,تسامح على التأخير,تعتذر على التأخير,تبرر البطء,تعفي البطء
excuser,تعذر,تغفر,تسامح,تعتذر,تبرر,تعفي
obliger quelqu'un,تجبر واحد,تجبر شخص,تجبر فرد,تتطلب إنسان,تربط كائن,تقيد روح
obliger,تجبر,تجبر,تجبر,تتطلب,تربط,تقيد
tourner la page,تقلب الصفحة,تقلب الورقة,تبدل الفصل,تمشي قدام,تقدم القصة,تكمل القراية
réparer une voiture,تصلح طوموبيل,تصلح مركبة,تصلح طوموبيل,تخدم الماكينة,ترجع النقل,تشفي الماكينة
réparer,تصلح,تصلح,تصلح,ترجع,تصلح,تشفي
découvrir un trésor,تكتشف كنز,تكتشف ثروة,تكشف ثروة,تكشف حظ,تكتشف قيمة,تخترع جوهرة
découvrir,تكتشف,تكتشف,تكشف,تكشف,تكتشف,تخترع
découvrir un nouveau lieu,تكتشف بلاصة جديدة,تلقا بلاصة جديدة,تستكشف مجهول,تجيب على موقع,تكشف موقع,تلقا مخفي
résoudre un puzzle,تحل لغز,تحل لغز,تكشف كود,تلقا حل,تكمل التحدي,تنجح فمهمة
avoir sommeil,تكون نعسان,تحس بالتعب,تحتاج النعاس,تبغي ترتاح,تكون نعسان,تتثاءب
avoir soif,تكون عطشان,تحس بالعطش,تحتاج تشرب,تبغي الما,تشرب السائل,تحس بالجفاف
avoir peur,تكون خايف,تحس بالخوف,تخاف,ترهب,تكون خايف,تذعر
se sentir mal,تحس بوالو,تحس بالمرض,تكون مريض,تكون عندك مزاج خايب,تعاني من عدم الراحة,تحس سلبي
avoir faim,تكون جيعان,تحس بالجوع,تبغي الماكلة,تحتاج تاكل,تكون عندك شهية,تشرب الماكلة
avoir chaud,تكون حار,تحس بالسخونية,تعرق,تحتاج تبرد,تسخن بزاف,تحرق
se sentir bien,تحس مزيان,تحس مزيان,تكون واخة,تحس إيجابي,تستمتع بالمزاج,تكون عندك نهار مزيان
avoir froid,تكون بارد,تحس بالبرد,ترعد,تحتاج الدفء,تتجمد,تتجمد
s'ennuyer,تمل,تمل,تتعب,تفقد الاهتمام,تتثاءب,تخمل
toucher,تلمس,تحس,تتصل,توصل,تأثر,تحرك
dépenser de l'argent,تصرف فلوس,تصرف كاش,تستهلك ثروة,تهدر حظ,تستعمل funds,تبدد موارد
dépenser,تصرف,تصرف,تستهلك,تهدر,تستعمل,تبدد
espérer le meilleur,تاملي الأحسن,تتوقع إيجابي,تبغي الخير,تتوقع الخير,تثق فمزيان,ترغب فمزيان
attendre,تنتضر,تتوقع,تنتضر,تتوقع,تصبر,تتوقف
espérer,تاملي,تتوقع,تبغي,تتوقع,تثق,ترغب
quitter la maison,تغادر الدار,تخرج من الدار,تغادر السكن,تمشي,تبدا,تهجر البلاصة
sortir,تخرج,تخرج,تغادر,تخرج,تجي,تبان
analyser les données,تحلل البيانات,تفحص المعلومات,تقرا الحقائق,تكسر الأرقام,تحلل الإحصائيات,تقيم الأرقام
analyser,تحلل,تفحص,تقرا,تكسر,تحلل,تقيم
éviter un danger,تتجنب خطر,تهرب من خطر,تمنع تهديد,تهرب من خطر,تتجنب خطر,تتجاوز مشكلة
éviter,تتجنب,تهرب,تمنع,تهرب,تتجنب,تتجاوز
fuir la réalité,تهرب من الواقع,تهرب من الحقيقة,تمشي من الحقيقة,تتجنب الحقيقي,تهرب من الحقيقي,تسرب الحقيقي
fuir,تهرب,تهرب,تمشي,تتجنب,تهرب,تسرب
lire un roman,تقرا رواية,تستمتع بكتاب,تتبع قصة,تدخل فخيال,تقلب الصفحات,تشارك فالأدب
finir,تكمل,تختم,تكمل,تختم,تختم,توقف
rencontrer un inconnu,تلتقي بواحد مجهول,تلتقي بمجهول,تلتقي بجديد,تواجه مجهول,تحس بجديد,تلقا جديد
rencontrer,تلتقي,تلتقي,تلتقي,تواجه,تحس,تلقا
économiser de l'énergie,توفر طاقة,توفر قوة,توفر قوة,تحافظ على قوة,تحافظ على حيوية,تخزن قوة
économiser,توفر,توفر,توفر,تحافظ,تحافظ,تخزن
prendre le petit déjeuner,تفطر,تاكل فطور الصباح,تاخد فطور,تفطر,تبدا النهار بالماكلة,تاكل فطور
boire,تشرب,تاكل,تاخد,تكون,تستهلك,تستمتع
baisser,تنزل,تنزل,تقلل,تقلل,تنحني,تقلل
tomber,تطيح,تطيح,تقلل,تفشل,تهبط,تعثر
tomber,تطيح,تطيح,تقلل,تفشل,تهبط,
manger,تاكل,تشرب,تاخد,تكون,تستهلك,تستمتع
craindre le pire,تخاف من الأسوأ,ترهب من السيء,تكون خايف من الرهيب,تقلق من الرهيب,تتوقع الرهيب,تشتبه فسلبي
craindre,تخاف,ترهب,تكون خايف,تقلق,تتوقع,تشتبه
tirer une corde,تشد حبل,تشد خط,تسحب خيط,تستخرج كابل,تسحب مادة,تنقل شيء
tirer,تشد,تشد,تطلق,تسحب,تستخرج,تطلق
laver la vaisselle,تغسل الصحون,تديري الصحون,تنقي الطباق,تشطف الأدوات,تتعامل مع أدوات المطبخ,تنقي الطابلة
travailler,تخدم,تديري,تصاوب,تقرا,تمشي,تعيش
partager un repas,تشارك وجبة,تقسم الماكلة,تقسم العشا,تشارك فالأكل,توزع الغدا,تتواصل فالطابلة
séparer deux amis,تفرق جوج أصحاب,تقسم الرفاق,تفرق الناس,تفصل الزوج,تفرق الثنائي,تعزل الأفراد
partager,تشارك,تقسم,تقسم,تشارك,توزع,تتواصل
séparer,تفرق,تقسم,تفرق,تفصل,تفرق,تعزل
montrer le chemin,تبين الطريق,تبين الطريق,تبين الطريق,تبين الاتجاه,تبين المسار,تبين المسار
montrer,تبين,تبين,تبين,تبين,تبين,تبين
décourager un projet,تثبط مشروع,تثبط خطة,تردع خطة,تكبت فكرة,تثني عن مفهوم,تخمد اقتراح
décourager,تثبط,تثبط,تردع,تكبت,تثني,تخمد
trouver,تلقا,تكتشف,تحدد,تجيب,تدرك,تفكر
révéler la vérité,تكشف الحقيقة,تكشف حقيقة,تكشف واقع,تكشف دقة,تبين صدق,تخون صحة
révéler,تكشف,تكشف,تكشف,تكشف,تبين,تخون
jeter un papier,ترمي ورقة,ترمي ورقة,ترمي زبالة,تتخلص من زبالة,تقضي على وثيقة,تتخلص من شيء
contraster deux styles,تقارن جوج ستايلات,تختلف الطرق,تبرز الطرق,تعارض الموضة,تقارن الأساليب,تبرز الاتجاهات
contraster,تقارن,تختلف,تبرز,تعارض,تقارن,تبرز
inventer une machine,تخترع ماكينة,تصنع جهاز,تصنع أداة,تصنع جهاز,تصنع آلية,تصنع محرك
inventer,تخترع,تصنع,تصنع,تصنع,تصنع,تصنع
détester,تبغض,تبغض,ما تحبش,تبغض,تبغض,تبغض
décider,تقرر,تحدد,تحل,تحسم,تحسم عقلك,تختم
valoir la peine,تستحق الجهد,تستحق الجهد,تستحق العناء,تساوي القيمة,تكون عمل صالح,تحمل معنى
valoir,تستحق,تستحق,تستحق,تساوي,تكون صالح,تحمل
descendre,تنزل,تنزل,تنزل,تقلل,تنزل,تطيح
décrire un paysage,توصف منظر,تصوّر مشهد,تصوّر منظر,ترسم مشهد,تصف منظر,تحكي بانوراما
décrire,توصف,تصوّر,تصوّر,ترسم,تصف,تحكي
peindre,ترسم,تصوّر,تصوّر,تطلي,تلون,توصف
partir,تغادر,تغادر,تمشي,تبدا,تخرج,تبدا
détruire,تدمر,تهدم,تخرب,تخرب,تكسر,تفني
rêver d'avenir,تحلم بالمستقبل,تحلم بالغد,تتخيل قدام,تبغي مستقبل,تاملي قدام,تتخيل التالي
rêver,تحلم,تحلم,تتخيل,تبغي,تاملي,تتخيل
faire du vélo,تركب دراجة,تركب دراجة,تركب دراجة,تدوس,تمشي بالدراجة,تستعمل دراجة
blâmer le retard,تلوم التأخير,تنتقد التأخير,تنتقد التأخير,تتهم البطء,تلوم التأخير,تدين الانتظار
blâmer,تلوم,تنتقد,تنتقد,تتهم,تلوم,تدين
conseiller un ami,تنصح صاحب,تنصح البودي,توصي بال,تقترح للرفيق,تحذر الميت,توجه الميت
conseiller,تنصح,تنصح,توصي,تقترح,تحذر,توجه
préparer le dîner,تحضر العشا,تطبخ وجبة المساء,تصاوب العشا,تحضر الماكلة,تصنع وجبة,تخطط للعشا
persuader le public,تقنع الجمهور,تقنع الجمهور,تحشد الحشد,تقنع الناس,تحث المجموعة,تؤثر على الحشد
persuader,تقنع,تقنع,تحشد,تقنع,تحث,تؤثر
opposer deux idées,تعارض جوج أفكار,تعارض الأفكار,تضع ضد المفاهيم,تقاوم المفاهيم,تعارض الخطط,تعارض المقترحات
comparer deux livres,تقارن جوج كتب,تقارن روايات,تشبه قصص,تطابق مجلدات,تساوي نصوص,توازي أعمال
comparer,تقارن,تقارن,تشبه,تطابق,تساوي,توازي
opposer,تعارض,تعارض,تضع ضد,تقاوم,تعارض,تعارض
construire une maison,تبني دار,تبني منزل,تبني بناء,تطور هيكل,تصنع سكن,تجمع بلاصة
construire,تبني,تبني,تصنع,تبني,تطور,تصنع
peser,تقيس,تفكر,تتأمل,توازن,تقيم,تقيس
environ,تقريبا,حتى,بينما,ل,قبل,بعد
en raison de,بسبب,علاش,شنو,لشنو,سبب,
près de,قريب,حول,ل,باوند دي,بينما دي,حتى
cacher un secret,تخبي سر,تخفي لغز,تغطي مخفي,تحافظ على سري,تخفي خاص,تحمي غير معلن
cacher,تخبي,تخفي,تغطي,تحافظ سر,تخفي,تحمي
calculer le total,تحسب المجموع,تحسب المجموع,تحسب المبلغ,تحسب الكل,تقدر كامل,تحسب كلشي
calculer,تحسب,تحسب,تحسب,تحسب,تقدر,تحسب
comprendre,تفهم,تفهم,تفهم,تدرك,تشمل,تغطي
féliciter pour la victoire,تهنئ على النتصار,تمدح الربح,تمدح النجاح,تصفق للانتصار,تحتفل بالإنجاز,تبغي الخير
féliciter,تهنئ,تمدح,تمدح,تصفق,تحتفل,تبغي
forcer une serrure,تجبر قفل,تجبر آلية,تكسر إغلاق,تجهد مثبت,تدفع حاجز,تدفع فتح
forcer,تجبر,تجبر,تكسر,تجهد,تدفع,تدفع
investir dans l'avenir,تستثمر فالمستقبل,تلتزم بالغد,تكرس للتالي,تصرف على قدام,تحط فالتالي,تراهن على مستقبل
investir,تستثمر,تلتزم,تكرس,تصرف,تحط,تراهن
célébrer une victoire,تحتفل بنتصار,تحتفل بربح,تلاحظ انتصار,تكرم نجاح,تمدح إنجاز,تفرح بغنيمة
célébrer,تحتفل,تحتفل,تلاحظ,تكرم,تمدح,تفرح
aller,تمشي,تجي,تجري,تمشي,تشوف,تديري
arriver,توصل,تجي,توقع,توقع,توصل,تنجح
combattre l'injustice,تحارب الظلم,تحارب الظلم,تحارب الظلم,تحارب الظلم,تعارض الظلم,تقاوم السيء
combattre,تحارب,تحارب,تحارب,تحارب,تعارض,تقاوم
monter,طلع,طلع,طلع,طلع,زاد,طلع
se brosser les dents,تفرشي سنانك,تنقي سنانك,تستعمل فرشاة,تحافظ على نظافة الفم,تنعش الفم,تهتم بالابتسامة
se laver les mains,تغسل يديك,تنقي يديك,تستعمل صابون,تعقم,تشطف,تحضر للنظافة
ranger sa chambre,ترتب بيتك,تنقي بيتك,تنظم البلاصة,تحط الحوايج,تصنف الممتلكات,تصاوب نظيف
expliquer une idée,تشرح فكرة,توضح فكر,توصف مفهوم,تشارك فكرة,تفصل خطة,تبين واضح
expliquer une règle,تشرح قاعدة,توضح نظام,تحسب على قانون,تفسر معيار,توضح مبدأ,توصف توجيه
expliquer,تشرح,توضح,تحسب,تفسر,توضح,توصف
lire le journal,تقرا الجورنال,تشوف الأخبار,تشوف العناوين,تقرا الجورنال,تتبع الأحداث,تفحص الأخبار
chanter,تغني,تغني,تحتفل,تغني,تغني,تمدح
lancer une pierre,ترمي حجرا,ترمي حجرا,ترمي شيء,ترمي شيء,ترمي مادة,ترمي طائر
jeter,ترمي,ترمي,ترمي,ترمي,ترفض,تهدر
apporter un cadeau,تجيب هدية,تحمل هدية,تساهم بعرض,تزيد مفاجأة,تورد هدية,تسبب فرح
emporter un souvenir,تاخد ذكرى,تحمل ذكرى,تنقي تذكير,تربح تذكير,تنتصر على تذكير,تتغلب على الماضي
emporter,تاخد,تحمل,تنقي,تربح,تنتصر,تتغلب
apporter,تجيب,تحمل,تساهم,تزيد,تورد,تسبب
porter,تلبس,تحمل,تحمل,تدعم,تجيب,تتحمل
savoir,تعرف,تعرف,تفكر,تؤمن,تفهم,تعلم
vouloir,تبغي,تعرف,تعرف,تحب,تحب,تحتاج
vendre,تبيع,تشري,تاخد,تعطي,تكون,تلقا
rire aux éclats,تضحك بصوت عالي,تنفجر فالضحك,تقهقه بصوت عالي,تضحك بصوت عالي,تضحك بزاف,تبتسم بزاف
rapporter une nouvelle,تبلغ خبر,تجيب معلومات,تحكي تحديث,تعطي قصة,ترجع حكاية,تحكي حدث
rapporter,تبلغ,تجيب,تحكي,تعطي,ترجع,تحكي
détruire un mur,تدمر حيط,تكسر حاجز,تهدم جدار,تنزل,تطيح,تخرب هيكل
baisser la tête,تنزل راسك,تنحني,تنزل ذقنك,تشوف لتحت,تنحني رقبتك,تستسلم
mélanger les couleurs,تمزج الألوان,تمزج الألوان,تجمع الظلال,تحرك الأصباغ,تصنع لون جديد,تدمج نغمات
mélanger,تمزج,تمزج,تجمع,تخلط,تدمج,تحرك
penser,تفكر,تؤمن,تفكر,تتخيل,تفترض,تتأمل
commencer,تبدا,تبدا,تبدا,تبدا,تبدا,تحل
se fâcher,تعصب,تعصب,تفقد الأعصاب,تتشاجر,تتشاجر,تغضب
coûter,تكلف,تكلف,تتطلب,تاخد,تسبب,تتطلب
coûter cher,تكلف بزاف,تكلف بزاف,تتطلب بزاف,تاخد عالي,تسبب عالي,تتطلب كبير
avoir raison,تكون على حق,تكون صحيح,تكون عندك الحق,تعرف أحسن,تربح الحجة,تثبت نقطة
faire attention,تعطي انتباه,تكون حذر,تحط بالك,تاخد بالك,تلاحظ,تركز
s'inquiéter,تقلق,تقلق,تقلق,تقلق,تخاف,تضغط
s'opposer à un projet,تعارض مشروع,تكون ضد خطة,تقاوم خطة,تعارض فكرة,تعارض اقتراح,تحارب مفهوم
s'opposer,تعارض,تكون ضد,تقاوم,تعارض,تعارض,تحارب
avoir,تكون,تكون,تديري,تبغي,تعرف,تمشي
nager,تعوم,تغتسل,تطفو,تغوص,تسبح,تعبر
peser les fruits,تقيس الفواكه,توازن المنتج,تفكر فالاختيارات,تقيم الوزن,تقيس للأكل,تقيم الماكلة
échapper à un piège,تهرب من فخ,تتجنب فخ,تهرب من شبكة,تفلت من كمين,تفوت من إغراء,تفوت من طعم
échapper,تهرب,تتجنب,تهرب,تفلت,تفوت,تفوت
aider,تساعد,تساعد,تساعد,تدعم,تسهل,تريح
évaluer les risques,تقيم المخاطر,تقيم المخاطر,تقيم المخاطر,تقدر التهديدات,تقيم المخاطر,تحكم على المخاطر
évaluer,تقيم,تقيم,تقيم,تقدر,تقيم,تحكم
attaquer un problème,تهاجم مشكل,تهاجم قضية,تنتقد صعوبة,تهاجم تحدي,تهاجم مشكلة,تهاجم عائق
attaquer,تهاجم,تهاجم,تنتقد,تهاجم,تهاجم,تهاجم
inviter des amis,تدعي أصحاب,تسول على أصحاب,تستضيف ناس,تصوني على ضيوف,ترحب بشركة,تجمع ناس
remercier pour l'aide,تشكر على المساعدة,تقدر المساعدة,تكون ممتن للدعم,تعترف بالمساعدة,تعترف بالمساعدة,تكافئ faveur
remercier,تشكر,تقدر,تكون ممتن,تعترف,تعترف,تكافئ
se maquiller,تحط الماكياج,تحط مستحضرات التجميل,تجملي الوجه,تستعملي الماكياج,تحسني المظهر,ترسمي الوجه
changer,تبدل,تبدل,تبدل,تبدل,تبدل,تحول
avertir d'un danger,تحذر من خطر,تحذر من خطر,تبلغ بتهديد,تحذر من خطر,تبلغ بخطر,تنصح بمشكلة
avertir,تحذر,تحذر,تبلغ,تحذر,تبلغ,تنصح
recommander un livre,توصي بكتاب,تنصح بمجلد,تقترح نص,تمدح رواية,تدعم قصة,تصف حكاية
recommander,توصي,تنصح,تقترح,تمدح,تدعم,تصف
jouer,تلعب,تلعب,تقمار,تؤدي,تمزح,تلعب
réussir,تنجح,تنجح,تربح,تنجح,تدير,تنجح
